,Naturalness,Expressiveness,Adequacy,Conciseness,Usefulness,Understandability,BLEU,METEOR,ROUGE-L,CIDEr,SPICE
0,5.0,2.1666666666666700,2.0,1.1666666666666700,2.0,1.0,0.0580933410828325,0.1213954492149360,0.3667334669338680,0.9452840604208,0.0
1,4.166666666666670,3.1666666666666700,2.333333333333330,2.0,2.0,1.8333333333333300,0.0250986212439789,0.0368663594470046,0.2,0.0290784616558667,0.0
2,5.0,4.5,3.5,3.5,3.333333333333330,3.0,0.0698534205658009,0.1959536692533600,0.5,0.7459116332156390,0.1666666666666670
3,4.833333333333330,4.833333333333330,4.5,4.333333333333330,4.333333333333330,4.5,0.3026643726685860,0.2848104741449790,0.563944530046225,2.7795801253761000,0.2
4,5.0,4.5,4.333333333333330,4.166666666666670,3.6666666666666700,3.5,0.0501257871573906,0.2489597550581360,0.3055091819699500,0.767982904248631,0.3636363636363640
5,4.833333333333330,4.166666666666670,2.833333333333330,3.1666666666666700,2.5,2.1666666666666700,0.1386353366688520,0.1574899538471990,0.4265734265734270,0.7202714463253960,0.1538461538461540
6,4.833333333333330,4.333333333333330,2.833333333333330,2.5,1.8333333333333300,1.6666666666666700,0.0172795914295004,0.0159362549800796,0.0894428152492668,0.0016891559406812,0.0
7,5.0,4.166666666666670,2.833333333333330,2.0,2.1666666666666700,1.5,0.0126077049218295,0.0455580865603644,0.1633928571428570,0.0946106521313617,0.0
8,4.5,4.166666666666670,2.1666666666666700,2.0,1.3333333333333300,1.1666666666666700,0.018798317647335,0.1787451445708980,0.3452830188679240,0.1414404841513660,0.1538461538461540
9,4.833333333333330,4.0,2.1666666666666700,2.1666666666666700,2.0,2.0,0.0184768604205221,0.0316205533596838,0.1538461538461540,0.0261278571565659,0.0
10,4.666666666666670,3.8333333333333300,3.1666666666666700,2.5,2.5,2.333333333333330,0.0188503190227473,0.0167714884696016,0.0960629921259842,0.0016519154668988,0.0
11,4.333333333333330,4.333333333333330,4.166666666666670,3.5,3.8333333333333300,3.5,0.0173957973756422,0.1208888888888890,0.1745350500715310,0.2331897084297690,0.0
12,5.0,4.5,2.333333333333330,2.1666666666666700,1.6666666666666700,1.5,0.0192445964740191,0.0707964601769911,0.2341650671785030,0.3863441112046160,0.25
13,5.0,4.333333333333330,2.5,2.0,1.6666666666666700,1.6666666666666700,0.0256976373216606,0.083108145665762,0.3144329896907220,0.2181423220567910,0.1666666666666670
14,5.0,4.333333333333330,1.8333333333333300,1.6666666666666700,1.3333333333333300,1.3333333333333300,0.0057963610685605,0.0241691842900302,0.1655359565807330,0.001730914634399,0.0
15,4.833333333333330,4.166666666666670,2.333333333333330,2.1666666666666700,1.6666666666666700,1.6666666666666700,0.0251329363502276,0.0575539568345323,0.28328173374613,0.0406917498003496,0.0
16,4.666666666666670,4.0,2.6666666666666700,2.333333333333330,2.1666666666666700,2.0,0.0169861974906263,0.0353982300884955,0.1718309859154930,0.2799921431650290,0.0
17,5.0,4.333333333333330,3.8333333333333300,4.5,4.0,3.8333333333333300,0.0072636073959907,0.1161524500907440,0.2859375,0.2473885607825030,0.0
18,4.833333333333330,4.0,3.1666666666666700,3.0,2.333333333333330,2.1666666666666700,0.0202559860271256,0.0914285714285714,0.2364341085271320,0.206347220214151,0.1818181818181820
19,5.0,4.5,3.8333333333333300,3.6666666666666700,3.6666666666666700,3.6666666666666700,0.0480261657655122,0.1517890567082920,0.28328173374613,0.897361789629999,0.3076923076923080
20,4.5,4.0,2.1666666666666700,1.6666666666666700,1.1666666666666700,1.1666666666666700,0.016824108947695,0.0280701754385964,0.1618037135278510,0.0064752043654138,0.0
21,4.666666666666670,3.6666666666666700,1.8333333333333300,1.6666666666666700,1.0,1.0,0.0094637242192837,0.0289855072463768,0.0719339622641509,0.029936746041588,0.0
22,4.666666666666670,4.333333333333330,3.6666666666666700,3.1666666666666700,2.5,2.333333333333330,0.0428361950754725,0.1445158310743530,0.3333333333333330,0.5961919764105770,0.1428571428571430
23,4.666666666666670,4.333333333333330,3.333333333333330,3.0,2.5,2.333333333333330,0.0367876324992777,0.1897820708311710,0.3333333333333330,1.1652448212830100,0.0
24,5.0,4.666666666666670,2.5,2.1666666666666700,2.0,2.0,0.0226136173796121,0.0928074245939675,0.1856925418569250,0.3547067099262610,0.1538461538461540
25,4.5,4.166666666666670,2.833333333333330,2.5,2.333333333333330,2.5,0.0239802967618271,0.028169014084507,0.1278825995807130,0.036402895907699,0.0
26,4.5,3.8333333333333300,1.6666666666666700,1.6666666666666700,1.5,1.3333333333333300,0.0,0.0,0.0,0.0,0.0
27,5.0,4.666666666666670,3.1666666666666700,3.333333333333330,2.1666666666666700,2.1666666666666700,0.0365555222854512,0.132013201320132,0.4048672566371680,0.3889132412051550,0.2857142857142860
28,5.0,4.333333333333330,3.5,3.333333333333330,2.6666666666666700,2.5,0.036469621083521,0.1394052801142180,0.2993865030674850,0.6997735430304330,0.1333333333333330
29,4.666666666666670,4.166666666666670,3.1666666666666700,3.0,2.833333333333330,2.833333333333330,0.015603043420373,0.0511182108626198,0.1732954545454550,0.2253132851830100,0.2
30,4.666666666666670,4.333333333333330,3.333333333333330,3.5,3.1666666666666700,3.0,0.0266583768170288,0.1679790026246720,0.384251968503937,0.900722968482,0.2
31,5.0,4.333333333333330,3.6666666666666700,3.1666666666666700,3.1666666666666700,3.333333333333330,0.044116293593227,0.1673165741988630,0.3727087576374750,0.755587355065428,0.3333333333333330
32,4.666666666666670,3.5,2.5,2.1666666666666700,1.8333333333333300,1.6666666666666700,0.0,0.0,0.0,0.0,0.0
33,4.5,4.166666666666670,4.5,4.166666666666670,3.8333333333333300,3.6666666666666700,0.0369198630982473,0.2000188900172530,0.363095238095238,0.6966220548734100,0.1428571428571430
34,4.5,3.1666666666666700,1.8333333333333300,1.6666666666666700,1.6666666666666700,1.6666666666666700,0.0221720450479346,0.0526315789473684,0.2895569620253160,0.0269570033216904,0.0
35,5.0,4.0,3.0,2.6666666666666700,2.6666666666666700,2.6666666666666700,0.0163620358558025,0.0478325859491778,0.1673525377229080,0.0430364525733032,0.0
36,5.0,4.166666666666670,2.333333333333330,2.1666666666666700,2.1666666666666700,2.0,0.0224169335019223,0.0469208211143695,0.216696269982238,0.0052235239049971,0.0
37,4.833333333333330,3.6666666666666700,2.0,1.8333333333333300,1.6666666666666700,1.6666666666666700,0.0238184884548871,0.0975138342397737,0.2228310502283100,0.4279781730652060,0.0
38,5.0,4.166666666666670,1.8333333333333300,1.6666666666666700,1.3333333333333300,1.3333333333333300,0.0,0.0,0.0,0.0,0.0
39,5.0,4.333333333333330,3.0,2.833333333333330,2.1666666666666700,2.333333333333330,0.0226525815078815,0.0824169492067597,0.2588401697312590,0.0125548201912378,0.0
40,4.833333333333330,3.8333333333333300,2.833333333333330,2.1666666666666700,1.8333333333333300,1.6666666666666700,0.0482902736279744,0.1102894617826940,0.3929146537842190,0.0925636215161112,0.0
41,4.5,3.333333333333330,1.6666666666666700,1.6666666666666700,1.5,1.5,0.0224169335019223,0.0440771349862259,0.216696269982238,0.0792002450286548,0.0
42,5.0,4.166666666666670,3.1666666666666700,3.5,2.6666666666666700,2.5,0.0428296371052515,0.1394067456516480,0.3236074270557030,0.0205713808907047,0.0
43,5.0,4.333333333333330,2.5,2.0,2.0,2.0,0.0224169335019223,0.1116838132777410,0.2314990512333970,0.0055867665460712,0.0
44,3.8333333333333300,2.833333333333330,2.333333333333330,1.6666666666666700,1.3333333333333300,1.3333333333333300,0.0059608848237098,0.0527006371715962,0.1680440771349860,0.0008542450925092,0.0
45,3.6666666666666700,2.833333333333330,2.5,2.333333333333330,1.8333333333333300,1.8333333333333300,0.0169861974906263,0.0688843474184705,0.1810089020771510,0.0066570675445702,0.0
46,4.833333333333330,4.0,2.833333333333330,2.333333333333330,2.1666666666666700,2.0,0.0202559860271256,0.0291970802919708,0.1666666666666670,0.0035714021488345,0.1666666666666670
47,4.166666666666670,3.5,4.166666666666670,3.333333333333330,3.1666666666666700,3.333333333333330,0.0392814650900513,0.1975308641975310,0.3120204603580560,1.009866631628040,0.4
48,5.0,3.8333333333333300,3.0,2.333333333333330,1.8333333333333300,1.8333333333333300,0.0173957973756422,0.0871178636303791,0.2081911262798640,0.061013728429424,0.0
49,4.666666666666670,4.166666666666670,3.5,3.6666666666666700,3.333333333333330,3.1666666666666700,0.0284694693814936,0.1327014218009480,0.2178571428571430,1.04905246459124,0.0
50,4.5,4.5,3.1666666666666700,2.6666666666666700,2.833333333333330,2.5,0.0344150871658505,0.1195700702406880,0.2565720294426920,0.7939927425254640,0.0952380952380952
51,4.833333333333330,4.666666666666670,2.5,2.0,2.0,1.6666666666666700,0.0282409904885654,0.1007556675062970,0.3128205128205130,0.1924188683877500,0.0
52,4.833333333333330,4.833333333333330,2.833333333333330,2.5,2.6666666666666700,2.6666666666666700,0.0336700471816556,0.10103866790878,0.2207478890229190,0.2703565648049610,0.0
53,4.666666666666670,4.666666666666670,2.6666666666666700,2.0,2.1666666666666700,1.8333333333333300,0.0186189371874825,0.0694444444444444,0.2427055702917770,0.2759065140930720,0.1818181818181820
54,3.5,3.333333333333330,2.333333333333330,2.1666666666666700,1.8333333333333300,1.5,0.0197656093009439,0.0196560196560196,0.1257731958762890,0.0019463381021838,0.0
55,4.666666666666670,4.833333333333330,4.5,4.666666666666670,3.8333333333333300,3.8333333333333300,0.1561969968460130,0.3684504280062020,0.594541910331384,3.0935782839697600,0.8000000000000000
56,4.5,4.5,1.8333333333333300,3.0,1.6666666666666700,1.6666666666666700,0.0125561078529915,0.0962799056903948,0.1692876965772430,0.0736294008405714,0.0
57,4.166666666666670,4.5,2.6666666666666700,2.6666666666666700,2.333333333333330,2.1666666666666700,0.025589480596702,0.0697167755991285,0.22803738317757,0.3796141631590570,0.0
58,4.833333333333330,4.833333333333330,4.666666666666670,4.666666666666670,4.166666666666670,4.0,0.2777619034011790,0.2665214603567980,0.5669144981412640,2.8238170226486700,0.4000000000000000
59,4.0,4.0,3.5,3.333333333333330,3.333333333333330,3.1666666666666700,0.0180028292714251,0.1418020679468240,0.3046953046953050,1.2272281509111000,0.2
60,4.833333333333330,4.833333333333330,1.1666666666666700,1.1666666666666700,1.1666666666666700,1.0,0.0,0.0,0.0,0.0,0.0
61,5.0,5.0,2.5,2.5,2.1666666666666700,2.333333333333330,0.0575230042952242,0.1990194966465900,0.5446428571428570,0.5433466695824850,0.0
62,4.333333333333330,4.333333333333330,3.333333333333330,2.6666666666666700,3.1666666666666700,2.6666666666666700,0.0093112993535131,0.0610687022900763,0.1369760479041920,0.0854859702078616,0.0769230769230769
63,4.833333333333330,4.666666666666670,1.6666666666666700,1.5,1.8333333333333300,1.3333333333333300,0.0291503227937514,0.0395061728395061,0.232824427480916,0.0185279619982995,0.0
64,4.5,4.5,3.0,3.0,2.833333333333330,2.6666666666666700,0.0155371256927603,0.0537549407114624,0.0769230769230769,0.0016136400560428,0.1538461538461540
65,4.166666666666670,3.6666666666666700,2.0,2.0,1.8333333333333300,1.6666666666666700,0.0226525815078815,0.072595281306715,0.1725601131541730,0.4874377951106560,0.0
66,4.333333333333330,4.0,1.3333333333333300,1.3333333333333300,1.0,1.0,0.0224169335019223,0.0482897384305835,0.2629310344827590,0.0302544966876357,0.0
67,2.6666666666666700,2.6666666666666700,1.6666666666666700,1.5,1.3333333333333300,1.1666666666666700,0.0115027836199,0.05,0.0814419225634179,0.0618069312256931,0.125
68,4.666666666666670,4.666666666666670,2.333333333333330,2.0,2.0,2.0,0.015603043420373,0.054054054054054,0.1732954545454550,0.4096936729930350,0.1538461538461540
69,4.5,5.0,3.0,3.333333333333330,2.5,2.6666666666666700,0.0170798522250242,0.1365035020631260,0.3255069370330840,0.3440526401996490,0.1052631578947370
70,4.0,3.6666666666666700,1.3333333333333300,1.1666666666666700,1.1666666666666700,1.0,0.0533722013504354,0.1077769006299070,0.2918660287081340,0.2801453157944790,0.1111111111111110
71,4.5,4.333333333333330,3.6666666666666700,3.333333333333330,3.1666666666666700,3.5,0.0222321328767391,0.1183932346723040,0.2739520958083830,0.3108740643962400,0.0
72,4.0,4.333333333333330,2.833333333333330,2.6666666666666700,2.1666666666666700,2.1666666666666700,0.1186840521952100,0.3124579971351410,0.6545064377682400,1.8457112380600700,0.2222222222222220
73,5.0,4.833333333333330,1.5,1.6666666666666700,1.1666666666666700,1.0,0.0204480073602183,0.0444444444444444,0.2307692307692310,0.0186689996351946,0.0
74,4.333333333333330,4.333333333333330,2.5,2.5,2.1666666666666700,2.0,0.0162341363505056,0.0364188163884673,0.2031076581576030,0.0073366787707077,0.0
75,4.166666666666670,4.166666666666670,2.5,2.333333333333330,1.6666666666666700,1.6666666666666700,0.0240885627048535,0.1572481572481570,0.3910256410256410,0.696162792269225,0.1538461538461540
76,4.333333333333330,4.666666666666670,2.5,2.5,2.1666666666666700,2.333333333333330,0.0288141101711544,0.0764957625190005,0.2392156862745100,0.3501445487361820,0.1666666666666670
77,3.333333333333330,2.833333333333330,1.6666666666666700,1.3333333333333300,1.6666666666666700,1.1666666666666700,0.0287878781810112,0.0973279418542404,0.2527624309392270,0.0694802270339677,0.0
78,4.833333333333330,5.0,2.6666666666666700,2.6666666666666700,2.5,2.1666666666666700,0.0124373929816991,0.0998402040071636,0.3065326633165830,0.1261291775627050,0.1111111111111110
79,4.666666666666670,4.333333333333330,3.5,3.5,3.0,2.833333333333330,0.0651821033328897,0.2600938400861670,0.465648854961832,1.2832150989879300,0.2857142857142860
80,5.0,5.0,2.6666666666666700,2.5,1.8333333333333300,1.6666666666666700,0.0186535675035179,0.0172413793103448,0.1068301225919440,0.0023197353481019,0.0
82,4.666666666666670,4.5,3.1666666666666700,3.0,3.0,2.833333333333330,0.044630237713408,0.1053261376083320,0.2253694581280790,0.2742852590961240,0.5
83,4.333333333333330,4.5,2.333333333333330,2.333333333333330,2.333333333333330,2.1666666666666700,0.025589480596702,0.0697167755991285,0.22803738317757,0.3796141631590570,0.0
84,4.5,4.666666666666670,1.8333333333333300,1.8333333333333300,1.5,1.3333333333333300,0.0,0.0,0.0,0.0,0.0
85,4.333333333333330,3.8333333333333300,1.1666666666666700,1.3333333333333300,1.0,1.1666666666666700,0.0428361950754725,0.0731725726958749,0.3333333333333330,0.0936068856660876,0.0
86,4.666666666666670,4.833333333333330,3.6666666666666700,3.5,3.333333333333330,3.333333333333330,0.013101694097607,0.0266222961730449,0.1523096129837700,0.0028320205173603,0.0
87,5.0,4.833333333333330,3.0,3.0,2.333333333333330,2.333333333333330,0.0773055175693945,0.2511764475322690,0.4680306905370840,1.6668601034573000,0.5714285714285720
88,4.833333333333330,4.666666666666670,3.1666666666666700,3.1666666666666700,2.6666666666666700,2.6666666666666700,0.0240885627048535,0.1215189873417720,0.2932692307692310,0.3286058329046550,0.1818181818181820
89,4.166666666666670,3.8333333333333300,2.5,2.333333333333330,1.8333333333333300,2.0,0.0157188773630212,0.0919540229885057,0.1945773524720890,0.0330215866440772,0.0
90,4.333333333333330,4.333333333333330,2.5,2.1666666666666700,2.5,2.1666666666666700,0.0329964194698357,0.10410711453459,0.346590909090909,0.1837299631423620,0.0
91,4.5,4.666666666666670,3.333333333333330,3.1666666666666700,2.6666666666666700,2.6666666666666700,0.0707106781186547,0.2204724409448820,0.6,1.0986052527928900,0.0
92,4.333333333333330,3.8333333333333300,1.6666666666666700,1.5,1.5,1.3333333333333300,0.0203459704364992,0.0990056769802634,0.2943305186972260,0.0368066226885566,0.0
93,4.666666666666670,4.333333333333330,1.8333333333333300,1.8333333333333300,1.8333333333333300,1.3333333333333300,0.0247930531633702,0.0795220525016401,0.2915173237753880,0.0309332590709216,0.0
94,4.666666666666670,4.5,2.333333333333330,2.333333333333330,1.8333333333333300,1.6666666666666700,0.0168471110512953,0.0405405405405405,0.0965189873417721,0.2443662212119820,0.1538461538461540
95,4.833333333333330,4.666666666666670,1.5,1.6666666666666700,1.5,1.3333333333333300,0.0,0.0,0.0,0.0,0.0
96,4.0,3.6666666666666700,3.1666666666666700,3.333333333333330,3.0,2.6666666666666700,0.0169861974906263,0.0310679611650485,0.163538873994638,0.0038849721256191,0.0
97,4.833333333333330,4.666666666666670,2.333333333333330,2.5,2.0,2.0,0.01083278567718,0.0536013400335008,0.1768115942028990,0.0676130471117338,0.2222222222222220
98,4.166666666666670,4.333333333333330,2.5,2.333333333333330,2.1666666666666700,2.0,0.025589480596702,0.0697167755991285,0.22803738317757,0.3796141631590570,0.0
99,4.666666666666670,4.833333333333330,2.6666666666666700,2.6666666666666700,2.333333333333330,2.333333333333330,0.0216090511042744,0.0604645141800412,0.1572164948453610,0.0801168288803818,0.0
101,4.6,4.0,1.6,1.6,1.0,1.0,0.0398635712826801,0.1014115251680470,0.1921259842519690,0.2734062316145900,0.1333333333333330
102,4.2,3.6,1.2,1.6,1.2,1.0,0.0,0.0,0.0,0.0,0.0
103,4.8,3.6,1.2,1.4,1.4,1.2,0.0151799216625827,0.0862533692722371,0.1833667334669340,0.1902834273284840,0.0
104,4.8,4.8,2.8,3.2,3.0,3.0,0.0056079161128265,0.055262163081168,0.1543001686340640,0.0004870200177235,0.0
105,5.0,3.8,1.4,1.4,1.2,1.0,0.0142166459076538,0.0419580419580419,0.1918238993710690,0.0287524253981972,0.0
106,5.0,5.0,3.2,3.2,3.0,2.6,0.035578658668572,0.1394740045182950,0.3236074270557030,0.7719916738667100,0.2857142857142860
107,5.0,5.0,2.8,2.6,2.6,2.2,0.04671379777282,0.2310469314079420,0.4680306905370840,1.196727293088230,0.4
108,5.0,5.0,1.4,1.4,1.6,1.4,0.0143784184660655,0.0472375690607734,0.2063134160090190,0.0102651034243877,0.0
109,4.2,4.0,1.6,1.8,1.6,1.2,0.0163620358558025,0.0282186948853615,0.1673525377229080,0.0212624630718719,0.0
110,4.8,3.8,1.4,1.4,1.0,1.0,0.0,0.0,0.0,0.0,0.0
111,4.8,4.8,1.4,1.6,1.2,1.0,0.0112929562554718,0.0812071330589849,0.1959314775160600,0.0498470360366518,0.1176470588235290
112,5.0,4.8,2.2,2.4,2.0,2.0,0.0393742582756977,0.1526120961250380,0.4854111405835540,0.6995920376452830,0.2
113,4.8,4.2,1.8,2.0,1.8,1.8,0.0243417829665515,0.0670859538784067,0.2588401697312590,0.0505989368477122,0.0
114,4.8,4.0,1.4,1.8,1.2,1.2,0.0493938273711537,0.0626264373520042,0.3,0.0682579366564324,0.0
115,4.8,4.8,2.0,2.2,1.6,1.6,0.0227022942185578,0.0564329937900441,0.2046979865771810,0.0053031819404445,0.0
116,4.8,4.8,2.4,2.2,1.8,1.6,0.0164745081438106,0.1315396113602390,0.3046192259675410,0.5503388110041060,0.2
117,4.8,4.6,1.2,2.0,1.0,1.0,0.0503598335073568,0.1051141772025800,0.3420560747663550,0.1705090489617380,0.0
118,5.0,4.4,1.0,1.8,1.0,1.0,0.0285175395290415,0.0462427745664739,0.2557651991614260,0.0050232417822432,0.0
119,5.0,4.8,4.0,3.6,3.8,3.8,0.5345999665313230,0.3812836269780830,0.6828358208955230,4.901535482577600,0.6250000000000000
120,4.6,4.6,3.2,2.8,2.8,2.6,0.0563756031525929,0.2391401404813750,0.4887820512820510,1.4294445060663300,0.2222222222222220
121,4.8,4.4,1.8,1.6,1.6,1.6,0.0408248290463863,0.0388349514563106,0.2074829931972790,0.0054660801827776,0.0
122,4.6,4.4,1.2,1.8,1.2,1.2,0.0101843922055538,0.0444938820912124,0.2163120567375890,0.0097120103916745,0.0
123,4.8,3.8,2.2,2.4,1.4,1.6,0.0315598453911294,0.0631578947368421,0.2222222222222220,0.0178072382412742,0.0
124,4.8,4.8,1.2,1.6,1.2,1.2,0.0083517073104327,0.0396530359355638,0.0690045248868778,0.0488808133210236,0.1666666666666670
125,5.0,4.6,2.2,2.0,1.6,1.4,0.0365555222854512,0.1581920903954800,0.375,0.6409384061754240,0.0
126,4.6,4.2,1.8,2.0,1.8,1.6,0.059979253694608,0.1620448980025100,0.3775419982316530,0.3836611014632210,0.2666666666666670
127,4.6,4.4,2.0,1.8,1.8,1.6,0.033031643180138,0.0490797546012269,0.25,0.0060105658292954,0.0
128,5.0,5.0,4.0,4.4,3.8,3.8,0.2879078514978360,0.3269772196677420,0.7047496790757380,3.3715742688320000,0.5
129,4.8,4.2,2.4,3.4,3.0,3.2,0.0,0.0,0.0,0.0,0.0
130,4.8,4.4,3.6,3.8,3.4,3.0,0.0392814650900513,0.1168384508136370,0.2857142857142860,0.7465405918825890,0.5
131,4.8,4.4,1.8,2.0,1.8,1.8,0.0360152883084235,0.0248447204968944,0.1618037135278510,0.0048734525290047,0.0
132,4.8,5.0,2.4,2.4,2.2,2.2,0.0538636636883186,0.1938841930941130,0.3333333333333330,1.221055649775290,0.3333333333333330
133,5.0,4.4,1.8,2.0,1.6,1.8,0.0239802967618271,0.0361990950226244,0.1383219954648530,0.0038316867931687,0.0
134,4.6,4.4,1.4,1.6,1.2,1.2,0.0239802967618271,0.0261437908496732,0.1278825995807130,0.0112337420612203,0.0
135,5.0,4.6,2.8,3.0,3.0,2.4,0.0169861974906263,0.0411311053984575,0.1810089020771510,0.002659074753652,0.0
136,4.8,4.4,3.6,3.6,3.6,3.8,0.0169861974906263,0.0307101727447216,0.163538873994638,0.0205386827740586,0.0
137,5.0,4.4,3.2,3.6,2.8,2.4,0.0322601351892728,0.0646900269541779,0.349236641221374,0.0222441583474237,0.0
138,5.0,4.8,3.8,4.2,3.8,3.4,0.1320135584022330,0.2111247124960550,0.4889779559118240,2.3224706479605900,0.2857142857142860
139,5.0,5.0,2.0,2.4,1.4,1.4,0.0697205788920207,0.0997222676455794,0.3475783475783480,0.0879884956295813,0.0
140,5.0,5.0,2.4,3.0,2.0,2.0,0.2140160303375300,0.2344390979250680,0.4834874504623510,1.8912871678503900,0.5
141,5.0,5.0,3.0,3.8,3.2,3.2,0.0966250487392432,0.1797144035809960,0.4642313546423140,1.4096314019972800,0.3333333333333330
142,4.0,3.8,1.4,1.8,1.6,1.2,0.0,0.0,0.0,0.0,0.0
143,4.8,5.0,1.4,2.0,1.4,1.2,0.0,0.0,0.0,0.0,0.0
144,4.6,3.8,1.8,2.0,1.6,1.6,0.053463162573637,0.1757135806589360,0.2904761904761900,0.0755524034414412,0.1538461538461540
145,4.8,4.6,2.4,2.6,2.6,2.2,0.0204337099730839,0.0348583877995642,0.1856925418569250,0.013388458470843,0.0
146,4.6,4.0,2.4,2.6,2.0,2.0,0.0121090130264418,0.0417521106148586,0.1246169560776300,0.0019683488942736,0.0
147,5.0,4.4,2.2,2.2,2.0,1.4,0.0155371256927603,0.0167364016736401,0.0939907550077041,0.0010936966145311,0.0
148,4.8,4.6,2.8,3.2,3.0,2.2,0.0222264994623455,0.0909090909090909,0.2462987886944820,0.4170400783518080,0.1333333333333330
149,5.0,5.0,2.4,2.8,2.2,2.0,0.0186189371874825,0.075,0.2427055702917770,0.0127922976973905,0.0
150,5.0,3.6666666666666700,2.5,2.833333333333330,2.6666666666666700,2.1666666666666700,0.0026044729145857,0.0418848167539267,0.1384790011350740,0.0102947153451729,0.0
151,5.0,4.5,1.5,1.3333333333333300,1.1666666666666700,1.3333333333333300,0.0182848870722974,0.029090909090909,0.176046176046176,0.0110693345863851,0.0
152,5.0,5.0,2.0,2.1666666666666700,2.0,1.5,0.0139421583714043,0.0672268907563025,0.2186379928315410,0.0883127006102851,0.0
153,3.6666666666666700,3.1666666666666700,1.8333333333333300,2.0,1.5,1.3333333333333300,0.0286344014652954,0.0207792207792207,0.1317494600431970,0.0247689670553516,0.0
154,5.0,4.833333333333330,4.833333333333330,4.833333333333330,4.666666666666670,4.666666666666670,0.1323216988359900,0.2770930290391150,0.4357142857142860,1.436579373660840,0.0
155,4.666666666666670,4.5,3.1666666666666700,3.0,3.0,2.833333333333330,0.0,0.0,0.0,0.0,0.0
156,5.0,4.833333333333330,4.0,3.6666666666666700,3.5,3.5,0.0698534205658009,0.162580309958647,0.5,1.0632691260071200,0.2222222222222220
157,5.0,4.833333333333330,4.0,3.6666666666666700,4.0,4.0,0.0315598453911294,0.0892857142857142,0.3333333333333330,0.4911849442647270,0.0
158,4.666666666666670,4.166666666666670,4.0,3.6666666666666700,3.6666666666666700,3.5,0.0142836325786592,0.0137221269296741,0.0745721271393643,0.0082366170075484,0.0
159,4.5,4.5,3.333333333333330,3.1666666666666700,3.6666666666666700,3.5,0.0202559860271256,0.040506329113924,0.1955128205128200,0.0742482767922734,0.1666666666666670
160,4.333333333333330,3.6666666666666700,1.8333333333333300,1.8333333333333300,1.6666666666666700,1.8333333333333300,0.0204480073602183,0.0958597472452994,0.2819722650231130,0.1248216773414360,0.0
161,4.5,4.333333333333330,2.5,2.6666666666666700,2.1666666666666700,2.0,0.0211053406318726,0.0687679083094556,0.1215139442231080,0.3936886505976610,0.25
162,5.0,4.666666666666670,3.5,3.1666666666666700,3.333333333333330,3.333333333333330,0.4775034264835460,0.3562761817174820,0.6984732824427480,4.3313785333404100,0.4444444444444450
163,3.5,3.333333333333330,2.333333333333330,1.8333333333333300,1.6666666666666700,1.6666666666666700,0.0250986212439789,0.0406091370558375,0.2,0.0135669393635018,0.0
164,5.0,4.833333333333330,3.1666666666666700,3.1666666666666700,3.1666666666666700,3.333333333333330,0.1136219366467500,0.1882442017821970,0.4535315985130110,1.630788615068260,0.0
165,5.0,4.5,1.5,1.5,1.3333333333333300,1.3333333333333300,0.0108324245114933,0.0561837359821251,0.127215849843587,0.0013951822871099,0.0
166,4.833333333333330,4.333333333333330,2.0,2.0,1.6666666666666700,1.6666666666666700,0.0169861974906263,0.0846680280210304,0.1810089020771510,0.0552704590867797,0.0
167,4.666666666666670,4.166666666666670,1.3333333333333300,1.3333333333333300,1.3333333333333300,1.3333333333333300,0.0282409904885654,0.0801603206412825,0.2085470085470090,0.0852049935784542,0.0
168,4.5,4.0,1.5,1.5,1.1666666666666700,1.1666666666666700,0.0131289442003705,0.0581426648721399,0.1982665222101840,0.0062028251819388,0.1176470588235290
169,4.833333333333330,4.833333333333330,1.8333333333333300,1.8333333333333300,1.6666666666666700,1.5,0.0159924871436685,0.072072072072072,0.2695139911634760,0.3506000367700560,0.1428571428571430
170,4.666666666666670,4.5,4.5,3.333333333333330,4.333333333333330,4.166666666666670,0.0501257871573906,0.3123218629368040,0.5417406749555950,0.3326329689688860,0.2857142857142860
171,4.833333333333330,4.666666666666670,3.8333333333333300,3.6666666666666700,3.5,3.1666666666666700,0.0650059326034369,0.1474373772643440,0.4048672566371680,1.257330957757870,0.3333333333333330
172,4.833333333333330,4.5,3.1666666666666700,3.333333333333330,2.833333333333330,2.5,0.0360152883084235,0.0833333333333333,0.1618037135278510,0.9065209210234150,0.4
173,4.5,3.5,2.1666666666666700,1.8333333333333300,1.8333333333333300,1.6666666666666700,0.0141265088599887,0.0365853658536585,0.1833667334669340,0.1090682317228170,0.1666666666666670
174,4.666666666666670,4.333333333333330,1.5,1.1666666666666700,1.1666666666666700,1.1666666666666700,0.0295191290539031,0.0869565217391304,0.2444889779559120,0.5231346253478820,0.0
175,3.8333333333333300,3.1666666666666700,1.3333333333333300,1.3333333333333300,1.1666666666666700,1.1666666666666700,0.0224169335019223,0.0551724137931034,0.2314990512333970,0.0258581941127687,0.0
176,4.5,3.6666666666666700,2.0,1.8333333333333300,1.5,1.6666666666666700,0.0363622704650007,0.1895240467743480,0.317157712305026,0.6607686509756770,0.4
177,4.333333333333330,3.333333333333330,2.5,2.6666666666666700,2.333333333333330,2.5,0.0240885627048535,0.1036717062634990,0.3505747126436780,0.512910730188822,0.1538461538461540
178,4.5,4.5,1.8333333333333300,1.8333333333333300,1.5,1.6666666666666700,0.0490540685774021,0.1089598178319420,0.3588235294117650,0.4032361723468870,0.0
179,5.0,4.833333333333330,4.333333333333330,3.8333333333333300,4.0,3.8333333333333300,0.0394474924777373,0.1379109800492840,0.2136602451838880,0.649835557549391,0.2857142857142860
180,4.666666666666670,4.333333333333330,2.0,1.5,1.5,1.5,0.0277761903401179,0.0237388724035608,0.1349557522123890,0.0020200643167979,0.0
181,4.833333333333330,4.5,4.166666666666670,3.8333333333333300,3.8333333333333300,3.5,0.0281878015762964,0.223175965665236,0.5091819699499170,1.5457347002613200,0.1538461538461540
182,3.8333333333333300,3.0,2.0,1.6666666666666700,1.5,1.6666666666666700,0.0101824256461954,0.1259475218658890,0.0882778581765557,0.0221299941792268,0.0
183,4.833333333333330,4.833333333333330,4.833333333333330,4.833333333333330,4.166666666666670,4.333333333333330,0.0830701847441279,0.260780447051464,0.2857142857142860,2.401328758790210,0.5714285714285720
184,3.8333333333333300,2.833333333333330,1.3333333333333300,1.1666666666666700,1.3333333333333300,1.3333333333333300,0.013670263578541,0.0603364369282076,0.2085470085470090,0.0211207444030111,0.0
185,4.833333333333330,4.166666666666670,1.8333333333333300,1.8333333333333300,1.3333333333333300,1.3333333333333300,0.0170331860376392,0.0211640211640211,0.1037414965986390,0.0028593611096524,0.0
186,3.6666666666666700,2.6666666666666700,1.8333333333333300,1.6666666666666700,1.6666666666666700,1.8333333333333300,0.0,0.0,0.0,0.0,0.0
187,4.5,4.166666666666670,2.1666666666666700,1.8333333333333300,2.0,2.0,0.0186901837215249,0.0306513409961685,0.0820995962314939,0.0328642799705341,0.0
188,5.0,4.666666666666670,1.6666666666666700,1.8333333333333300,1.5,1.3333333333333300,0.0026044729145857,0.0418848167539267,0.1384790011350740,0.0104605261591266,0.2222222222222220
189,4.833333333333330,4.666666666666670,1.5,1.3333333333333300,1.1666666666666700,1.1666666666666700,0.0345574717095495,0.0274914089347079,0.1517412935323380,0.0199603552030952,0.0
190,5.0,5.0,3.0,2.1666666666666700,2.6666666666666700,2.5,0.0480095070417518,0.146654543162134,0.4093959731543630,1.00334725264631,0.0
191,4.833333333333330,4.666666666666670,2.0,1.8333333333333300,1.6666666666666700,1.6666666666666700,0.041008391505354,0.0884573448189491,0.3360881542699720,0.2733123521534060,0.0
192,4.666666666666670,4.0,1.5,1.3333333333333300,1.3333333333333300,1.3333333333333300,0.0183938162496388,0.0838323353293413,0.1875,0.2444718767602700,0.1333333333333330
194,4.666666666666670,4.666666666666670,1.6666666666666700,1.8333333333333300,1.8333333333333300,1.6666666666666700,0.0286344014652954,0.0227920227920227,0.1317494600431970,0.0043401791227051,0.0
195,4.5,4.0,2.0,1.6666666666666700,1.5,1.5,0.0162673926003057,0.0443213296398892,0.2352941176470590,0.0834195072477471,0.0
196,4.833333333333330,4.833333333333330,4.5,4.5,4.333333333333330,4.5,0.053728496591177,0.1818181818181820,0.5,1.2846805166188600,0.0
197,4.166666666666670,4.333333333333330,3.1666666666666700,3.0,3.333333333333330,3.1666666666666700,0.0398635712826801,0.1298648991601640,0.2074829931972790,0.4678130525111230,0.0
198,4.666666666666670,4.5,2.1666666666666700,3.0,2.5,2.5,0.0221720450479346,0.0763358778625954,0.2895569620253160,0.2615846930728470,0.0
199,4.333333333333330,4.166666666666670,1.6666666666666700,1.3333333333333300,1.1666666666666700,1.1666666666666700,0.0160624347411778,0.0792840722244713,0.2089041095890410,0.1200831674506930,0.0
200,5.0,2.5,1.0,1.0,1.0,1.0,0.0285175395290415,0.0421052631578947,0.2222222222222220,0.1208615506860760,0.0
201,4.166666666666670,3.8333333333333300,1.8333333333333300,1.8333333333333300,1.3333333333333300,1.1666666666666700,0.0202559860271256,0.0363636363636363,0.1848484848484850,0.024928199174427,0.0
202,4.166666666666670,3.1666666666666700,2.833333333333330,2.6666666666666700,2.6666666666666700,2.1666666666666700,0.0248084150017018,0.1066666666666670,0.3250444049733570,0.1835718080122520,0.1666666666666670
203,4.333333333333330,3.8333333333333300,1.5,1.5,1.5,1.3333333333333300,0.0248225298028388,0.0239520958083832,0.1222444889779560,0.0278554249333042,0.0
204,4.5,3.8333333333333300,1.6666666666666700,1.5,1.1666666666666700,1.0,0.0247615104941601,0.022284122562674,0.1286919831223630,0.0043309149433271,0.0
205,4.833333333333330,4.166666666666670,1.5,1.6666666666666700,1.1666666666666700,1.1666666666666700,0.0051361460455818,0.0143626570915619,0.0953125,0.0026725462837989,0.0
206,4.666666666666670,3.6666666666666700,1.6666666666666700,1.6666666666666700,1.3333333333333300,1.3333333333333300,0.0172795914295004,0.0157480314960629,0.0894428152492668,0.1254156698355320,0.0
207,4.666666666666670,4.333333333333330,1.3333333333333300,1.5,1.0,1.0,0.0026749843330874,0.0098887515451174,0.072189349112426,0.0004332210157885,0.0
208,4.833333333333330,3.6666666666666700,1.8333333333333300,1.5,1.0,1.0,0.0,0.0,0.0,0.0,0.0
209,4.833333333333330,3.8333333333333300,1.8333333333333300,1.6666666666666700,1.8333333333333300,1.6666666666666700,0.0185935159315288,0.0725773195876288,0.16991643454039,0.0302516925416014,0.0
210,3.333333333333330,2.833333333333330,2.0,1.6666666666666700,1.6666666666666700,1.5,0.0,0.0,0.0,0.0,0.0
211,5.0,4.333333333333330,1.8333333333333300,1.6666666666666700,1.3333333333333300,1.1666666666666700,0.0230186095961441,0.020671834625323,0.1438679245283020,0.0029001913641055,0.0
212,4.666666666666670,4.0,3.0,2.5,2.5,2.333333333333330,0.0398635712826801,0.1291046861106900,0.175287356321839,0.7601638013851110,0.1428571428571430
213,3.8333333333333300,2.6666666666666700,1.8333333333333300,1.6666666666666700,1.8333333333333300,1.6666666666666700,0.0122048111147968,0.0124223602484472,0.069634703196347,0.0013286350185788,0.0
214,3.8333333333333300,3.0,1.6666666666666700,1.5,1.3333333333333300,1.3333333333333300,0.0137567420734243,0.0221606648199446,0.1236068895643360,0.0045521067332335,0.0
215,4.666666666666670,3.5,2.0,1.5,1.3333333333333300,1.3333333333333300,0.0173957973756422,0.0888888888888888,0.1582360570687420,0.2327958089196940,0.0
216,5.0,4.333333333333330,1.8333333333333300,1.8333333333333300,1.5,1.5,0.0,0.0139969269904218,0.0,0.0,0.0
217,5.0,3.6666666666666700,2.0,1.6666666666666700,1.3333333333333300,1.1666666666666700,0.015223083300988,0.026711185308848,0.1544303797468350,0.0149759442169672,0.0
218,5.0,3.6666666666666700,2.0,1.6666666666666700,1.3333333333333300,1.1666666666666700,0.0142836325786592,0.0224719101123595,0.107773851590106,0.0016166649800688,0.0
219,5.0,4.333333333333330,1.8333333333333300,1.5,1.0,1.0,0.0406071179853847,0.042649076966279,0.1964573268921100,0.1016739752723150,0.0
220,4.666666666666670,3.8333333333333300,1.8333333333333300,1.6666666666666700,1.0,1.0,0.0171463219916014,0.0604810996563573,0.1517412935323380,0.0527071415363075,0.0
221,4.5,3.6666666666666700,2.1666666666666700,1.8333333333333300,1.0,1.0,0.0104910165055283,0.0282186948853615,0.1397479954180990,0.011679598501251,0.0
222,5.0,4.166666666666670,1.3333333333333300,1.5,1.0,1.0,0.0132492841365312,0.0181405895691609,0.1095152603231600,0.0018341718869165,0.0
223,4.5,3.5,2.5,2.0,1.6666666666666700,1.6666666666666700,0.0146413929868985,0.0276816608996539,0.1594771241830070,0.0067805092913561,0.0
224,5.0,4.5,1.5,1.5,1.1666666666666700,1.1666666666666700,0.0161703654202979,0.0193704600484261,0.100494233937397,0.0024489749555494,0.0
225,5.0,4.166666666666670,1.5,1.5,1.0,1.0,0.0,0.0,0.0,0.0,0.0
226,4.666666666666670,4.0,1.6666666666666700,1.6666666666666700,1.1666666666666700,1.1666666666666700,0.0224169335019223,0.0888888888888888,0.25,0.0471653379239892,0.0
227,4.333333333333330,3.5,2.333333333333330,1.6666666666666700,1.5,1.5,0.0,0.0,0.0,0.0,0.0
228,4.0,3.8333333333333300,1.6666666666666700,1.5,1.1666666666666700,1.1666666666666700,0.0157188773630212,0.0242424242424242,0.1333333333333330,0.00627125763121,0.0
229,5.0,3.6666666666666700,1.8333333333333300,1.8333333333333300,1.1666666666666700,1.1666666666666700,0.0143507551613769,0.0123647604327666,0.0783055198973042,0.0025115688418354,0.0
230,4.333333333333330,3.6666666666666700,1.1666666666666700,1.1666666666666700,1.0,1.0,0.0257250695748267,0.0451977401129943,0.2178571428571430,0.0152409408830607,0.0
231,5.0,4.166666666666670,1.5,1.5,1.1666666666666700,1.1666666666666700,0.0,0.0,0.0,0.0,0.0
232,5.0,4.166666666666670,2.1666666666666700,2.0,1.5,1.5,0.0,0.0,0.0,0.0,0.0
233,4.833333333333330,3.333333333333330,2.0,1.8333333333333300,1.3333333333333300,1.3333333333333300,0.0115788388041562,0.0137693631669535,0.0824324324324324,0.0013032425714232,0.0
234,4.166666666666670,2.6666666666666700,1.5,1.3333333333333300,1.1666666666666700,1.1666666666666700,0.0168471110512953,0.0175438596491228,0.0965189873417721,0.0021450272473473,0.0
235,4.833333333333330,3.1666666666666700,2.0,1.8333333333333300,1.8333333333333300,1.6666666666666700,0.0171088536049102,0.0680851063829787,0.0735826296743064,0.1159127421603220,0.0999999999999999
236,3.6666666666666700,3.1666666666666700,1.6666666666666700,1.5,1.1666666666666700,1.1666666666666700,0.0188503190227473,0.0243161094224924,0.108348134991119,0.0035284825901405,0.0
237,4.833333333333330,4.166666666666670,1.5,1.5,1.1666666666666700,1.1666666666666700,0.0051568355668577,0.0264909680459728,0.0681564245810056,0.0089042061577095,0.0
238,4.666666666666670,4.166666666666670,2.5,2.333333333333330,1.8333333333333300,1.6666666666666700,0.0142836325786592,0.0786885245901639,0.1150943396226420,0.0391832720336594,0.2
239,5.0,4.5,2.1666666666666700,2.0,2.1666666666666700,2.0,0.0398635712826801,0.0515463753589573,0.25,0.161902366126474,0.0
240,5.0,4.333333333333330,1.5,1.5,1.1666666666666700,1.1666666666666700,0.0227022942185578,0.0342612419700214,0.2046979865771810,0.0125111586187187,0.0
241,5.0,4.0,2.0,1.8333333333333300,1.6666666666666700,1.6666666666666700,0.0286344014652954,0.0227920227920227,0.1317494600431970,0.1724259843683240,0.0
242,5.0,4.333333333333330,2.333333333333330,2.1666666666666700,1.5,1.3333333333333300,0.0,0.0,0.0,0.0,0.0
243,2.833333333333330,2.0,1.0,1.0,1.0,1.0,0.033031643180138,0.0239520958083832,0.1428571428571430,0.0024748376165984,0.0
244,4.0,2.333333333333330,1.3333333333333300,1.6666666666666700,1.0,1.0,0.0,0.0,0.0,0.0,0.0
245,4.666666666666670,4.166666666666670,1.8333333333333300,1.6666666666666700,1.1666666666666700,1.1666666666666700,0.0248225298028388,0.0199004975124378,0.1222444889779560,0.0049385366716473,0.0
246,4.5,3.333333333333330,1.6666666666666700,1.6666666666666700,1.3333333333333300,1.3333333333333300,0.0161703654202979,0.0153550863723608,0.100494233937397,0.0017079809578241,0.0
247,4.333333333333330,3.8333333333333300,1.6666666666666700,1.6666666666666700,1.1666666666666700,1.1666666666666700,0.0,0.0,0.0,0.0,0.0
248,4.5,3.6666666666666700,1.8333333333333300,1.6666666666666700,1.3333333333333300,1.3333333333333300,0.0,0.0321070234113712,0.0,0.0,0.0
249,4.666666666666670,3.5,1.3333333333333300,1.3333333333333300,1.3333333333333300,1.3333333333333300,0.0,0.0,0.0,0.0,0.0
250,4.333333333333330,4.333333333333330,2.1666666666666700,1.8333333333333300,2.0,1.8333333333333300,0.0157468044977645,0.0355555555555555,0.1433607520564040,0.013442079833635,0.0
251,4.666666666666670,4.5,1.6666666666666700,1.0,1.0,1.0,0.0179269111786919,0.0216216216216216,0.1326086956521740,0.0027697571174835,0.0
252,4.166666666666670,3.6666666666666700,1.1666666666666700,1.1666666666666700,1.0,1.0,0.0088812607523388,0.0393278623963492,0.0969793322734499,0.006422305138136,0.0
253,4.333333333333330,4.0,1.1666666666666700,1.0,1.0,1.0,0.0,0.0,0.0,0.0,0.0
254,4.833333333333330,4.333333333333330,1.1666666666666700,1.0,1.0,1.0,0.0214585123713592,0.0185614849187935,0.1042735042735040,0.0038116931314053,0.0
255,2.833333333333330,2.6666666666666700,1.5,1.3333333333333300,1.3333333333333300,1.1666666666666700,0.0,0.0,0.0,0.0,0.0
256,5.0,4.5,1.8333333333333300,2.6666666666666700,1.3333333333333300,1.3333333333333300,0.0058833072333542,0.0691358024691358,0.1310418904403870,0.0345554735994135,0.1333333333333330
257,4.333333333333330,4.666666666666670,1.6666666666666700,1.5,1.1666666666666700,1.0,0.0,0.0,0.0,0.0,0.0
258,4.666666666666670,4.0,2.0,2.0,1.6666666666666700,1.6666666666666700,0.0340522339563737,0.0504731861198738,0.2634989200863930,0.0225487436334185,0.0
259,5.0,4.833333333333330,1.0,1.0,1.0,1.0,0.0091697551053896,0.0260586319218241,0.1680440771349860,0.0061514142832498,0.0
260,4.833333333333330,4.5,1.0,1.1666666666666700,1.0,1.0,0.0186535675035179,0.018348623853211,0.1068301225919440,0.0038842025839053,0.0
261,5.0,5.0,2.1666666666666700,2.0,1.8333333333333300,1.5,0.025589480596702,0.0381861575178997,0.114018691588785,0.0184501247537098,0.0
262,4.666666666666670,4.666666666666670,1.5,1.6666666666666700,1.3333333333333300,1.3333333333333300,0.0026024858050265,0.0545636910732196,0.0549054905490549,0.0007790773975011,0.0952380952380952
263,4.5,4.333333333333330,1.1666666666666700,1.1666666666666700,1.0,1.0,0.0230186095961441,0.020671834625323,0.1438679245283020,0.0036359474289822,0.0
264,5.0,4.833333333333330,1.1666666666666700,1.0,1.0,1.0,0.0176805645149302,0.0744186046511627,0.1826347305389220,0.0221165040688813,0.2222222222222220
265,3.0,2.6666666666666700,1.3333333333333300,1.5,1.3333333333333300,1.1666666666666700,0.0170331860376392,0.014760147601476,0.0833333333333333,0.0064959909995394,0.0
266,5.0,5.0,1.1666666666666700,1.0,1.0,1.0,0.040371022369507,0.0403948974226068,0.2046979865771810,0.1009756487148620,0.1333333333333330
267,4.166666666666670,3.333333333333330,1.1666666666666700,1.0,1.0,1.0,0.0211053406318726,0.0191846522781774,0.1062717770034840,0.0035520338678754,0.0
268,4.666666666666670,4.833333333333330,1.5,1.1666666666666700,1.3333333333333300,1.1666666666666700,0.0131205432792397,0.0133779264214046,0.0866477272727272,0.0017380018594484,0.0
269,4.833333333333330,5.0,1.0,1.0,1.0,1.0,0.0104181307524489,0.059347181008902,0.2325285895806860,0.0520727997064968,0.1333333333333330
270,4.333333333333330,3.5,1.0,1.0,1.0,1.0,0.0231485966866631,0.1024263663665670,0.3065326633165830,0.1310353185194380,0.0
271,3.1666666666666700,2.6666666666666700,1.0,1.0,1.0,1.0,0.015118370289367,0.0347071583514099,0.0987055016181229,0.0059427612844781,0.0
272,4.5,4.5,1.3333333333333300,1.1666666666666700,1.0,1.0,0.0239802967618271,0.0306513409961685,0.1383219954648530,0.00462027004862,0.0
273,2.333333333333330,2.0,1.0,1.0,1.0,1.0,0.0,0.0101052631578947,0.0,0.0,0.0
274,4.666666666666670,4.833333333333330,1.0,1.0,1.0,1.0,0.0108594807002175,0.0256821829855537,0.1624500665778960,0.0038194349641515,0.0
275,5.0,5.0,1.8333333333333300,1.8333333333333300,1.3333333333333300,1.1666666666666700,0.0291503227937514,0.0900580351099024,0.232824427480916,0.0410151344601333,0.0
276,4.0,4.0,1.5,1.5,1.3333333333333300,1.1666666666666700,0.015223083300988,0.026981450252951,0.1544303797468350,0.0371075464648925,0.0
277,3.8333333333333300,3.8333333333333300,1.1666666666666700,1.1666666666666700,1.1666666666666700,1.1666666666666700,0.0518374188201164,0.0929770631673626,0.232824427480916,0.2098697894970380,0.0
278,3.5,3.6666666666666700,1.1666666666666700,1.1666666666666700,1.0,1.0,0.0219928358659671,0.0944586649355729,0.1794117647058820,0.196269564169889,0.0
279,4.0,3.8333333333333300,1.0,1.0,1.0,1.0,0.0,0.0,0.0,0.0,0.0
280,4.5,4.333333333333330,1.1666666666666700,1.1666666666666700,1.1666666666666700,1.0,0.0,0.0,0.0,0.0,0.0
282,3.5,3.0,1.6666666666666700,1.8333333333333300,1.5,1.3333333333333300,0.06505161691581,0.0888615541252292,0.2472137791286730,0.339219027724842,0.0
283,4.833333333333330,4.833333333333330,1.3333333333333300,1.1666666666666700,1.0,1.0,0.0,0.0326530612244897,0.0,0.0,0.0
284,3.333333333333330,3.0,1.5,2.1666666666666700,1.5,1.8333333333333300,0.0408248290463863,0.0358744394618834,0.1848484848484850,0.0159640579358268,0.0
285,3.6666666666666700,3.5,1.1666666666666700,1.0,1.0,1.0,0.0150186152955042,0.018018018018018,0.1048109965635740,0.0101640136248465,0.0
286,3.1666666666666700,3.0,1.1666666666666700,1.1666666666666700,1.0,1.0,0.0142288440946325,0.0256,0.1433607520564040,0.0135520666579078,0.0
287,3.0,2.833333333333330,1.1666666666666700,1.1666666666666700,1.1666666666666700,1.1666666666666700,0.0170331860376392,0.0277777777777777,0.1182170542635660,0.0065121431400279,0.0
288,3.1666666666666700,3.333333333333330,1.5,1.5,1.5,1.5,0.0155371256927603,0.0663414634146341,0.0939907550077041,0.0162659305062386,0.1818181818181820
289,3.6666666666666700,3.1666666666666700,1.6666666666666700,1.6666666666666700,1.3333333333333300,1.3333333333333300,0.0,0.0,0.0,0.0,0.0
290,4.833333333333330,4.833333333333330,1.0,1.0,1.0,1.0,0.0127974241600784,0.03125,0.1865443425076450,0.0075350575756043,0.0
291,3.0,2.833333333333330,1.1666666666666700,1.1666666666666700,1.1666666666666700,1.1666666666666700,0.0,0.0,0.0,0.0,0.0
292,3.6666666666666700,3.1666666666666700,1.1666666666666700,1.1666666666666700,1.0,1.0,0.0127974241600784,0.0308880308880308,0.1865443425076450,0.020278146306063,0.0
293,4.833333333333330,4.833333333333330,1.1666666666666700,1.3333333333333300,1.0,1.0,0.0104181307524489,0.0646706586826347,0.2325285895806860,0.0107998246024786,0.0
294,4.833333333333330,4.666666666666670,1.0,1.5,1.0,1.0,0.0161703654202979,0.0137221269296741,0.100494233937397,0.0160396525369296,0.0
295,4.833333333333330,4.666666666666670,1.0,1.3333333333333300,1.0,1.0,0.0,0.0,0.0,0.0,0.0
296,5.0,5.0,1.1666666666666700,1.5,1.3333333333333300,1.1666666666666700,0.0190902778264204,0.0167014613778705,0.1023489932885910,0.0035842040318852,0.0
297,4.5,4.166666666666670,1.6666666666666700,1.8333333333333300,1.6666666666666700,1.5,0.0321929016468534,0.157944451470701,0.2316455696202530,0.225442696743423,0.2
298,4.666666666666670,4.666666666666670,1.3333333333333300,1.1666666666666700,1.0,1.0,0.0,0.0,0.0,0.0,0.0
299,3.8333333333333300,3.5,1.3333333333333300,1.3333333333333300,1.3333333333333300,1.1666666666666700,0.027706709682397,0.1421747139385910,0.3046192259675410,0.1351435252074050,0.1538461538461540
301,5.0,5.0,1.2,1.4,1.0,1.0,0.0455052464587058,0.0784672956094169,0.22803738317757,0.368629103020039,0.0
302,5.0,5.0,2.2,2.0,1.2,1.4,0.0277761903401179,0.0297397769516728,0.1605263157894740,0.1081025120807310,0.0
303,5.0,5.0,1.0,1.4,1.0,1.0,0.0,0.0287856071964018,0.0,0.0,0.0
304,5.0,4.4,1.4,1.4,1.4,1.2,0.0029275889231311,0.0079522862823061,0.0536971830985915,5.76624711862124E-05,0.0
305,4.2,3.2,1.2,1.4,1.0,1.0,0.0088812607523388,0.0157170923379174,0.0969793322734499,0.0025478570635308,0.0
306,4.8,3.4,1.0,1.8,1.0,1.0,0.0107613081006912,0.013029315960912,0.0932721712538226,0.0023734984997937,0.0
307,4.8,4.8,1.2,1.6,1.2,1.0,0.0,0.0,0.0,0.0,0.0
308,4.8,4.8,1.4,1.6,1.2,1.0,0.0094138438217822,0.025,0.1550190597204570,0.0120720170617378,0.0
309,5.0,5.0,1.2,1.4,1.2,1.0,0.0144508434257235,0.0288288288288288,0.1796759941089840,0.0080554356866189,0.0
310,3.8,3.4,1.0,1.2,1.0,1.0,0.0,0.0,0.0,0.0,0.0
311,5.0,5.0,1.0,1.6,1.2,1.0,0.0055617376134752,0.0228898426323319,0.0731414868105515,0.0027745936926865,0.0
312,4.8,4.8,1.2,1.4,1.2,1.2,0.0141473329039547,0.0436363636363636,0.0809018567639257,0.0031974274425959,0.0
313,5.0,5.0,1.0,1.6,1.0,1.0,0.0351487760467425,0.0603696287987788,0.3144329896907220,0.119494919624998,0.0
314,4.0,3.8,1.0,1.4,1.0,1.0,0.0188503190227473,0.0183066361556064,0.0960629921259842,0.0021184682588726,0.0
315,4.2,4.0,1.0,1.6,1.0,1.0,0.0188503190227473,0.0187793427230046,0.0909090909090909,0.1477530472301450,0.0
316,5.0,4.8,1.2,1.6,1.2,1.0,0.0102182893801941,0.012012012012012,0.0786082474226804,0.0009397180681939,0.0
317,5.0,4.8,1.4,2.0,1.0,1.0,0.0503598335073568,0.1066193921505880,0.3420560747663550,0.1989038600337480,0.0
318,4.8,4.4,1.2,1.6,1.0,1.0,0.0239802967618271,0.0231213872832369,0.1278825995807130,0.0032429253351838,0.0
319,4.6,3.2,1.2,2.0,1.0,1.0,0.0127974241600784,0.03125,0.0932721712538226,0.0100983672219725,0.0
320,5.0,5.0,1.0,1.6,1.2,1.2,0.0239802967618271,0.0196078431372549,0.1111111111111110,0.0070200762602789,0.0
321,5.0,4.6,1.0,1.4,1.4,1.2,0.033031643180138,0.0372093023255813,0.1912225705329150,0.0046451400584263,0.0
322,5.0,5.0,1.0,1.6,1.2,1.2,0.0039949796914081,0.0182232346241457,0.0608175473579262,0.0015555927316519,0.0
323,5.0,4.6,1.0,1.6,1.0,1.0,0.0,0.0,0.0,0.0,0.0
324,4.6,4.6,1.2,1.8,1.0,1.0,0.0085807911594099,0.0096969696969696,0.0653104925053533,0.0006531474833001,0.0
325,5.0,5.0,1.6,2.0,1.4,1.0,0.0239802967618271,0.0737127371273713,0.1189083820662770,0.0073969537408934,0.0
326,4.2,3.6,1.4,1.6,1.4,1.2,0.0075946110920014,0.0173811833171677,0.0591658583899127,0.0005880257222216,0.0
327,3.6,3.0,1.2,1.6,1.4,1.2,0.0294868241190762,0.0262295081967213,0.1476997578692490,0.0821847949101157,0.0
328,5.0,5.0,1.2,1.4,1.2,1.2,0.015603043420373,0.030188679245283,0.1732954545454550,0.0282077903189833,0.0
329,5.0,4.8,1.0,1.6,1.2,1.2,0.0239802967618271,0.060759493670886,0.1189083820662770,0.0032236305192879,0.0
330,4.0,4.0,1.6,1.4,1.4,1.2,0.0142836325786592,0.0267558528428093,0.101328903654485,0.0083688414851773,0.0
331,5.0,4.6,1.2,1.6,1.4,1.4,0.033031643180138,0.0239520958083832,0.1428571428571430,0.0042650545435031,0.0
332,5.0,5.0,1.4,1.4,1.2,1.2,0.0204480073602183,0.0453686200378071,0.2417437252311760,0.038104354341687,0.0
333,4.6,4.2,1.4,1.2,1.2,1.2,0.0170331860376392,0.032258064516129,0.1182170542635660,0.0109679580021155,0.0
334,5.0,5.0,1.2,1.8,1.0,1.0,0.0239802967618271,0.0251572327044025,0.1278825995807130,0.0122181583459087,0.0
335,5.0,5.0,1.2,1.6,1.2,1.0,0.0523642192718138,0.053222246464883,0.2573839662447260,0.1201584152482910,0.0
336,5.0,4.6,1.2,2.0,1.2,1.0,0.0190902778264204,0.0169133192389006,0.1023489932885910,0.0112518134136533,0.0
337,5.0,5.0,1.2,2.0,1.2,1.2,0.0248225298028388,0.0220994475138121,0.1222444889779560,0.0096875717406783,0.0
338,5.0,4.8,1.0,1.6,1.4,1.2,0.0211053406318726,0.02088772845953,0.1062717770034840,0.0075017714609828,0.0
339,5.0,4.4,1.0,1.8,1.0,1.0,0.0089311392211025,0.0522982635342186,0.0517826825127334,0.0501326044234836,0.0
340,5.0,5.0,1.0,1.8,1.2,1.0,0.0363994554917842,0.1197051637099770,0.1725601131541730,0.1372843335131270,0.0
341,4.8,4.2,1.2,1.8,1.2,1.0,0.0,0.0,0.0,0.0,0.0
342,4.2,3.6,1.0,1.8,1.2,1.2,0.0,0.0,0.0,0.0,0.0
343,5.0,5.0,1.8,2.2,1.8,1.6,0.0211053406318726,0.0181818181818181,0.1,0.0276293142952926,0.0
344,4.8,4.4,1.0,1.6,1.2,1.2,0.0239802967618271,0.0336134453781512,0.1506172839506170,0.0033053955042371,0.0
345,5.0,5.0,1.6,2.2,1.4,1.6,0.0378442713638306,0.1154101196832460,0.301482701812191,0.0917984968745993,0.0
346,5.0,5.0,1.2,1.8,1.0,1.0,0.015603043420373,0.062165412686427,0.0866477272727272,0.0071507236581028,0.0
347,5.0,4.6,1.0,1.8,1.2,1.0,0.0,0.0,0.0,0.0,0.0
348,5.0,4.8,1.0,1.6,1.2,1.0,0.0182848870722974,0.0306513409961685,0.088023088023088,0.0093024520086838,0.0
349,4.0,2.8,1.2,1.6,1.2,1.0,0.0107613081006912,0.0146520146520146,0.0932721712538226,0.0049488759668754,0.0
350,5.0,5.0,1.6666666666666700,1.1666666666666700,1.1666666666666700,1.1666666666666700,0.0039851591412509,0.0208604954367666,0.1346578366445920,0.0006478947451667,0.0
351,4.666666666666670,3.8333333333333300,1.6666666666666700,1.6666666666666700,1.3333333333333300,1.3333333333333300,0.012712983380807,0.0151228733459357,0.0987055016181229,0.0466363949250422,0.0
352,5.0,5.0,1.0,1.0,1.0,1.0,0.0,0.0,0.0,0.0,0.0
353,3.6666666666666700,3.0,1.6666666666666700,1.5,1.6666666666666700,1.5,0.0132179476263772,0.0177383592017738,0.0920060331825037,0.000991291334184,0.0
354,5.0,5.0,1.1666666666666700,1.1666666666666700,1.3333333333333300,1.3333333333333300,0.0277761903401179,0.0995850622406639,0.1605263157894740,0.7895028017989210,0.2857142857142860
355,4.5,4.333333333333330,1.1666666666666700,1.3333333333333300,1.3333333333333300,1.1666666666666700,0.0,0.0,0.0,0.0,0.0
356,4.333333333333330,4.166666666666670,1.5,1.3333333333333300,1.1666666666666700,1.1666666666666700,0.0202559860271256,0.0914285714285714,0.2074829931972790,0.194813230010525,0.1428571428571430
357,5.0,4.833333333333330,1.3333333333333300,1.1666666666666700,1.0,1.0,0.0,0.0,0.0,0.0,0.0
358,3.6666666666666700,3.5,1.8333333333333300,1.3333333333333300,2.0,1.8333333333333300,0.0366762561058077,0.080783951737968,0.23828125,0.5179569712777790,0.0
359,4.666666666666670,3.8333333333333300,1.0,1.0,1.0,1.0,0.0239802967618271,0.0213903743315508,0.1111111111111110,0.0875888674573834,0.0
360,3.0,3.5,1.5,1.3333333333333300,1.3333333333333300,1.3333333333333300,0.0446323613785333,0.1114984887479170,0.2125435540069690,0.2335625000225430,0.0
361,5.0,4.833333333333330,1.1666666666666700,1.0,1.0,1.0,0.0,0.0,0.0,0.0,0.0
362,4.333333333333330,4.0,3.5,3.0,3.0,3.0,0.1002515743147810,0.2144863180966610,0.4073455759599330,1.0118241059483400,0.1538461538461540
363,3.5,2.833333333333330,1.8333333333333300,1.3333333333333300,1.0,1.0,0.0170331860376392,0.0666663575616054,0.0924242424242424,0.0549342579201077,0.0
364,4.0,3.333333333333330,1.3333333333333300,1.8333333333333300,1.0,1.0,0.0239802967618271,0.0352422907488986,0.1653116531165310,0.0028649320262662,0.0
365,5.0,4.833333333333330,1.0,1.0,1.0,1.0,0.0070229207385911,0.0117130307467057,0.0690045248868778,0.0005816533008688,0.0
366,4.0,3.8333333333333300,1.0,1.0,1.0,1.0,0.0294465644578698,0.0445682451253481,0.2573839662447260,0.0975085573430056,0.0
367,2.6666666666666700,3.0,1.1666666666666700,1.0,1.1666666666666700,1.1666666666666700,0.0132179476263772,0.0147874306839186,0.0829931972789115,0.0008166730679064,0.0
368,4.0,2.833333333333330,1.1666666666666700,1.1666666666666700,1.1666666666666700,1.1666666666666700,0.0,0.0,0.0,0.0,0.0
369,4.833333333333330,4.666666666666670,1.1666666666666700,1.1666666666666700,1.0,1.0,0.0172676060456259,0.0425531914893617,0.0866477272727272,0.0277019495897419,0.0
370,3.5,3.5,1.1666666666666700,1.0,1.0,1.0,0.0,0.0,0.0,0.0,0.0
371,4.333333333333330,4.166666666666670,1.0,1.3333333333333300,1.0,1.0,0.0277761903401179,0.0264026402640264,0.1349557522123890,0.0165475688835022,0.0
372,4.833333333333330,4.5,1.1666666666666700,1.1666666666666700,1.0,1.0,0.0142836325786592,0.0231884057971014,0.101328903654485,0.0009686184047482,0.0
373,4.833333333333330,4.5,2.1666666666666700,2.5,2.1666666666666700,1.8333333333333300,0.0088218581718663,0.012718600953895,0.0698739977090492,0.0010009558289508,0.2222222222222220
374,4.5,4.0,1.0,1.0,1.0,1.0,0.0,0.0,0.0,0.0,0.0
375,4.5,4.166666666666670,1.3333333333333300,1.3333333333333300,1.0,1.1666666666666700,0.0250986212439789,0.0557491289198606,0.2430278884462150,0.0148539580729365,0.0
376,3.5,3.1666666666666700,1.5,1.5,1.1666666666666700,1.1666666666666700,0.0345574717095495,0.0274914089347079,0.1517412935323380,0.0301293166998644,0.0
377,3.333333333333330,2.6666666666666700,1.1666666666666700,1.1666666666666700,1.3333333333333300,1.3333333333333300,0.0177423975661672,0.018735362997658,0.1117216117216120,0.0025853839188294,0.0
378,4.666666666666670,4.333333333333330,1.0,1.0,1.0,1.0,0.0257250695748267,0.0373831775700934,0.2178571428571430,0.0163238620349631,0.0
379,4.833333333333330,4.833333333333330,1.3333333333333300,1.3333333333333300,1.3333333333333300,1.3333333333333300,0.0186535675035179,0.0623853211009174,0.1068301225919440,0.0032516837119877,0.0
380,4.666666666666670,4.333333333333330,1.1666666666666700,1.1666666666666700,1.1666666666666700,1.1666666666666700,0.0,0.0545454545454545,0.0,0.0,0.0
381,5.0,4.5,1.3333333333333300,1.3333333333333300,1.3333333333333300,1.3333333333333300,0.0211053406318726,0.0532150776053215,0.1062717770034840,0.1107630387800630,0.1538461538461540
382,4.0,4.0,1.1666666666666700,1.1666666666666700,1.1666666666666700,1.1666666666666700,0.0277761903401179,0.0783216783216783,0.1466346153846150,0.0347254880622807,0.0
383,5.0,4.833333333333330,1.0,1.0,1.0,1.0,0.0,0.0,0.0,0.0,0.0
384,3.0,2.5,1.0,1.0,1.0,1.0,0.0135600816736291,0.0790617308549641,0.2334928229665070,0.0386971213177376,0.0
385,5.0,4.833333333333330,1.1666666666666700,1.1666666666666700,1.1666666666666700,1.1666666666666700,0.0286344014652954,0.0227920227920227,0.1317494600431970,0.004136123041663,0.0
386,4.166666666666670,2.833333333333330,1.0,1.0,1.0,1.0,0.0,0.0,0.0,0.0,0.0
387,3.8333333333333300,3.6666666666666700,1.0,1.0,1.0,1.0,0.0132179476263772,0.0405797101449275,0.0723606168446026,0.0049299774608384,0.0
388,4.833333333333330,4.833333333333330,1.1666666666666700,1.1666666666666700,1.1666666666666700,1.1666666666666700,0.0,0.0396352002183807,0.0,0.0,0.0
389,4.666666666666670,4.333333333333330,1.3333333333333300,1.3333333333333300,1.3333333333333300,1.3333333333333300,0.0239802967618271,0.0251572327044025,0.1278825995807130,0.0044889771869353,0.0
390,5.0,4.5,1.0,1.0,1.0,1.0,0.019096901924113,0.0164948453608247,0.0944272445820433,0.003350582674098,0.0
391,4.833333333333330,4.666666666666670,1.0,1.0,1.0,1.0,0.0077108141968766,0.0331851851851851,0.0840220385674931,0.0007723640998259,0.0
392,3.8333333333333300,3.5,1.6666666666666700,1.5,1.3333333333333300,1.3333333333333300,0.0146691981331922,0.0247295208655332,0.1354051054384020,0.027313230277488,0.0
394,4.833333333333330,4.666666666666670,1.1666666666666700,1.1666666666666700,1.1666666666666700,1.1666666666666700,0.0,0.0,0.0,0.0,0.0
395,2.5,1.8333333333333300,1.0,1.0,1.0,1.0,0.0152243377266394,0.0554016620498615,0.1236068895643360,0.0891740229030118,0.0
396,3.8333333333333300,3.333333333333330,1.6666666666666700,1.5,1.5,1.5,0.0,0.0,0.0,0.0,0.0
397,3.8333333333333300,3.5,1.1666666666666700,1.1666666666666700,1.1666666666666700,1.1666666666666700,0.0446323613785333,0.0575505616894368,0.2267657992565060,0.1721424585275810,0.0
398,3.6666666666666700,3.1666666666666700,1.1666666666666700,1.1666666666666700,1.1666666666666700,1.1666666666666700,0.0226525815078815,0.0445269016697588,0.1725601131541730,0.0436036995395102,0.0
399,4.833333333333330,4.833333333333330,1.1666666666666700,1.1666666666666700,1.1666666666666700,1.1666666666666700,0.0059532871163623,0.0157170923379174,0.0870185449358059,0.0025082208665813,0.0
400,4.0,4.166666666666670,4.0,3.333333333333330,4.166666666666670,4.166666666666670,0.6606328636027610,0.4591873937236890,0.8888888888888890,6.273502399042530,0.75
401,3.0,2.5,2.1666666666666700,1.6666666666666700,1.1666666666666700,1.1666666666666700,0.4111336169005200,0.226355922682909,0.6,3.472492087532670,0.1538461538461540
402,4.166666666666670,3.8333333333333300,3.6666666666666700,3.5,3.333333333333330,3.1666666666666700,0.5946035575013610,0.4229981548169030,0.875,5.741762179238540,0.1818181818181820
403,4.166666666666670,4.166666666666670,4.0,3.6666666666666700,3.333333333333330,2.833333333333330,0.0279525559635875,0.1016318429834740,0.1745350500715310,0.4267656236043520,0.2222222222222220
404,4.166666666666670,3.8333333333333300,4.333333333333330,4.333333333333330,4.333333333333330,4.0,0.1109466047156620,0.2735113794556920,0.6110183639399000,1.4376428838073600,0.3636363636363640
405,4.166666666666670,3.5,3.0,2.833333333333330,2.333333333333330,2.1666666666666700,0.6261471725622000,0.4304452598579410,0.8224719101123600,6.130587342255600,0.7692307692307690
406,4.333333333333330,3.333333333333330,1.5,1.6666666666666700,1.1666666666666700,1.1666666666666700,0.0161703654202979,0.0160320641282565,0.100494233937397,0.0012434815787338,0.0
407,4.166666666666670,3.333333333333330,1.5,1.5,1.0,1.0,0.0031811104014284,0.0384153661464585,0.144378698224852,0.0086505011943297,0.0
408,3.8333333333333300,3.6666666666666700,2.333333333333330,2.333333333333330,1.8333333333333300,1.6666666666666700,0.2020515504676620,0.2658231092019800,0.5545454545454550,2.782494035011460,0.5
409,4.833333333333330,4.166666666666670,4.166666666666670,3.1666666666666700,3.5,3.333333333333330,0.3805371078682540,0.406371908319797,0.6644880174291940,3.046303867656470,0.5
410,3.5,3.333333333333330,3.0,2.0,2.5,2.333333333333330,0.0190519553936154,0.1236499089406230,0.2477157360406090,0.0161885858690347,0.0
411,4.166666666666670,4.0,3.1666666666666700,2.833333333333330,2.333333333333330,2.1666666666666700,0.5969491792019650,0.4673871686116120,0.8888888888888890,6.125302165213120,0.5
412,4.333333333333330,3.6666666666666700,3.0,2.833333333333330,2.1666666666666700,2.0,0.0327093447087721,0.2453314191481360,0.3065326633165830,0.8410344819578410,0.5333333333333330
413,4.166666666666670,3.8333333333333300,4.166666666666670,3.333333333333330,3.6666666666666700,3.5,0.3226386416030250,0.30891672071267,0.6964795432921030,2.9546307103269500,0.2222222222222220
414,4.666666666666670,4.333333333333330,4.166666666666670,4.166666666666670,3.5,3.5,0.8843946454355330,0.5551626840572020,0.9411764705882350,8.632507045521930,0.8571428571428570
415,4.333333333333330,3.8333333333333300,3.1666666666666700,2.5,2.833333333333330,2.5,0.0251329363502276,0.1393911562135600,0.1888544891640870,0.5407793314063570,0.2222222222222220
416,5.0,4.166666666666670,2.6666666666666700,2.1666666666666700,2.1666666666666700,2.0,0.0,0.0,0.0,0.0,0.0
417,5.0,4.0,2.333333333333330,2.6666666666666700,1.5,1.3333333333333300,0.0152386088503159,0.0820704412596586,0.1648648648648650,0.1318994613546770,0.0
418,4.333333333333330,4.333333333333330,3.0,3.0,2.6666666666666700,2.333333333333330,0.0987876547423074,0.2903766942384960,0.6240409207161130,2.058811908437970,0.4444444444444450
419,5.0,4.833333333333330,3.5,3.5,3.1666666666666700,3.1666666666666700,0.244392532497222,0.3088856936864920,0.6703296703296700,3.293393041228080,0.5
420,3.333333333333330,3.0,2.1666666666666700,2.5,2.0,2.0,0.0189755245374653,0.0392156862745098,0.2276119402985070,0.0130354533442732,0.0
421,4.666666666666670,3.8333333333333300,2.6666666666666700,2.5,2.1666666666666700,2.0,0.0116102182859458,0.1208559138850920,0.2096219931271480,0.0943695912721283,0.1666666666666670
422,4.333333333333330,4.0,3.333333333333330,3.8333333333333300,3.333333333333330,3.333333333333330,0.7348889200874660,0.4835424240826650,0.9166666666666660,7.142066347265170,0.8571428571428570
423,5.0,4.666666666666670,4.666666666666670,4.5,4.166666666666670,4.166666666666670,0.1143433820088080,0.2655416012520280,0.4666666666666670,2.279474472555370,0.375
424,4.833333333333330,4.333333333333330,2.6666666666666700,2.333333333333330,2.0,1.6666666666666700,0.0918979802003978,0.2142016421624780,0.2683284457478010,1.6554293309608000,0.4285714285714290
425,4.666666666666670,4.0,1.6666666666666700,1.6666666666666700,1.1666666666666700,1.1666666666666700,0.0136791921231218,0.0490797546012269,0.1802067946824220,0.0058781129968991,0.0
426,5.0,4.5,4.166666666666670,3.6666666666666700,3.0,3.0,0.035148478313698,0.1903250782484580,0.302354399008674,0.7349076798229350,0.0
427,4.833333333333330,5.0,4.333333333333330,4.666666666666670,4.5,4.5,0.8091067115702210,0.464562982989642,0.8571428571428570,7.706544275561460,1.0
428,4.333333333333330,3.8333333333333300,3.0,2.6666666666666700,2.1666666666666700,1.8333333333333300,0.028724953480912,0.1164820808111550,0.308080808080808,0.4814043725861130,0.0
429,4.5,4.0,4.166666666666670,3.6666666666666700,3.6666666666666700,3.6666666666666700,0.8091067115702210,0.5355364962811370,0.9285714285714280,8.026807152734780,0.5714285714285710
430,4.666666666666670,3.8333333333333300,4.166666666666670,3.8333333333333300,3.5,3.1666666666666700,0.079235022460357,0.2523927983677760,0.6535714285714290,1.945653681848040,0.1818181818181820
431,5.0,4.0,2.5,2.1666666666666700,2.0,1.6666666666666700,0.033031643180138,0.1269841269841270,0.2932692307692310,0.5057277523086820,0.0
432,5.0,4.166666666666670,3.8333333333333300,3.1666666666666700,3.5,3.333333333333330,0.8091067115702210,0.4890136663048860,0.8571428571428570,8.122829289287410,1.0
433,4.333333333333330,3.6666666666666700,3.8333333333333300,3.5,2.6666666666666700,2.6666666666666700,0.8242367502646050,0.5360044082216750,0.9333333333333340,8.008660812116040,0.8888888888888890
434,4.833333333333330,4.333333333333330,3.8333333333333300,3.333333333333330,3.0,2.833333333333330,0.0459489901001989,0.1618437342250550,0.4472140762463340,1.1275353259832200,0.1538461538461540
435,4.166666666666670,2.6666666666666700,1.6666666666666700,1.5,1.5,1.5,0.015603043420373,0.0467836257309941,0.1732954545454550,0.1399807167388,0.0
436,4.666666666666670,3.333333333333330,2.6666666666666700,2.333333333333330,2.1666666666666700,2.0,0.0248084150017018,0.0716417910447761,0.3250444049733570,0.0867744845591526,0.0
437,5.0,4.5,3.5,3.1666666666666700,2.6666666666666700,2.333333333333330,0.025639245965674,0.1222022167533680,0.159825327510917,0.494986387458077,0.2352941176470590
438,5.0,3.8333333333333300,2.0,1.8333333333333300,1.3333333333333300,1.3333333333333300,0.0,0.0,0.0,0.0,0.0
439,5.0,4.333333333333330,3.1666666666666700,2.833333333333330,2.1666666666666700,2.1666666666666700,0.0873716785171587,0.1559336696477830,0.4029062087186260,1.101623606083460,0.3076923076923080
440,5.0,3.8333333333333300,4.5,3.6666666666666700,3.1666666666666700,3.1666666666666700,0.0428361950754725,0.1723846891542980,0.3505747126436780,1.060749818349600,0.5
441,5.0,4.333333333333330,3.8333333333333300,3.6666666666666700,2.833333333333330,2.5,0.163066861053727,0.4474649080314710,0.7584369449378330,3.47115889908542,0.8
442,5.0,4.0,3.6666666666666700,3.1666666666666700,2.333333333333330,2.1666666666666700,0.1275343138759480,0.24495880103709,0.5115303983228510,2.1928430328744400,0.0
443,4.5,4.333333333333330,4.0,3.6666666666666700,3.5,3.5,0.0277761903401179,0.1551246537396120,0.3645418326693230,0.705724442664002,0.0
444,3.8333333333333300,3.5,4.166666666666670,3.8333333333333300,3.6666666666666700,3.6666666666666700,0.7641254083103470,0.5160975605092170,0.9166666666666660,7.539105759577070,0.6666666666666670
445,4.833333333333330,3.6666666666666700,2.1666666666666700,2.1666666666666700,1.5,1.5,0.0294465644578698,0.07729770282836,0.2573839662447260,0.0185549844024908,0.0
446,4.833333333333330,4.166666666666670,3.6666666666666700,3.333333333333330,3.0,3.333333333333330,0.0511351853253673,0.1913088812313830,0.5024711696869850,1.2292578433724100,0.1818181818181820
447,3.8333333333333300,2.833333333333330,2.333333333333330,2.1666666666666700,1.8333333333333300,1.6666666666666700,0.0211053406318726,0.0888888888888888,0.130901287553648,0.5062421116415640,0.2
448,4.5,3.8333333333333300,3.5,3.5,2.833333333333330,2.6666666666666700,0.7825422900366440,0.5177360381735470,0.9285714285714280,7.795445178119070,0.5
449,3.6666666666666700,3.0,2.5,2.5,2.333333333333330,2.5,0.0213188103237223,0.0792079207920792,0.2652173913043480,0.1985022375681290,0.2
450,2.833333333333330,2.833333333333330,3.0,2.333333333333330,2.6666666666666700,2.333333333333330,0.7447819789879650,0.4824662211054560,0.875,7.378184233671200,0.75
451,4.666666666666670,4.666666666666670,3.6666666666666700,3.6666666666666700,3.5,3.5,0.6580370064762460,0.4521441952756970,0.9,6.316125321693680,0.25
452,4.666666666666670,4.833333333333330,4.166666666666670,4.333333333333330,4.0,3.8333333333333300,0.5785251258538560,0.4558652984314760,0.9104477611940300,5.928798799675590,0.4761904761904760
453,4.833333333333330,4.5,4.0,3.333333333333330,4.0,3.6666666666666700,0.855526185871245,0.528626347942025,0.9285714285714280,8.351737426012210,0.6666666666666670
454,5.0,4.833333333333330,2.1666666666666700,2.0,1.5,1.6666666666666700,0.3026643726685860,0.2808244133330180,0.5343065693430660,2.535759167347090,0.4444444444444440
455,4.833333333333330,4.833333333333330,4.666666666666670,4.5,4.333333333333330,4.333333333333330,0.5873949094699210,0.4406423957896330,0.7134502923976610,6.356747342858220,0.6666666666666670
456,5.0,4.833333333333330,2.1666666666666700,2.6666666666666700,2.0,2.1666666666666700,0.047542579202594,0.1859541263347250,0.3109072375127420,0.280419782669019,0.1333333333333330
457,5.0,5.0,1.8333333333333300,2.1666666666666700,1.8333333333333300,1.5,0.0249259786744002,0.0711111111111111,0.2392156862745100,0.2676036384910930,0.0
458,5.0,4.666666666666670,4.5,4.333333333333330,3.8333333333333300,4.166666666666670,0.4671379777282000,0.3781313529073760,0.7134502923976610,4.739612184352720,0.5454545454545450
459,5.0,5.0,3.1666666666666700,3.333333333333330,3.0,3.0,0.1291770633575160,0.2791930484438720,0.6092384519350810,2.272189905777940,0.8571428571428570
460,5.0,4.666666666666670,1.8333333333333300,2.0,1.8333333333333300,1.6666666666666700,0.0245494754402351,0.128440366972477,0.3204903677758320,0.4682420735744610,0.2
461,5.0,4.833333333333330,4.166666666666670,4.0,3.5,3.1666666666666700,0.068046214831197,0.2108562967907230,0.5700934579439250,1.4754568384249700,0.2222222222222220
462,5.0,5.0,1.8333333333333300,2.5,1.6666666666666700,1.6666666666666700,0.0017319430234032,0.0323886639676113,0.1123388581952120,0.0017835552240129,0.0999999999999999
463,4.5,4.166666666666670,2.1666666666666700,2.0,1.6666666666666700,1.5,0.1044552273072040,0.1715595953005690,0.3188153310104530,1.5096872772202900,0.4444444444444450
464,5.0,4.833333333333330,2.333333333333330,2.333333333333330,1.3333333333333300,1.1666666666666700,0.0176805645149302,0.0744186046511627,0.1826347305389220,0.0052019036617294,0.2222222222222220
465,4.333333333333330,4.5,3.8333333333333300,3.6666666666666700,3.1666666666666700,3.333333333333330,0.0212395294389661,0.1887729796193710,0.3144329896907220,0.4798090375574600,0.2
466,5.0,5.0,4.166666666666670,4.0,3.333333333333330,3.333333333333330,0.4556162133114690,0.4011709244779380,0.8498452012383900,4.773696250257770,0.3529411764705880
467,4.0,4.166666666666670,3.1666666666666700,2.833333333333330,2.833333333333330,2.6666666666666700,0.2574866101628970,0.3863248155759860,0.5236051502145920,2.1657931928984000,0.4444444444444440
468,4.166666666666670,4.0,3.6666666666666700,3.1666666666666700,3.333333333333330,2.6666666666666700,0.7825422900366440,0.532297364247178,0.9285714285714280,7.7411449925518700,0.9
469,4.333333333333330,4.333333333333330,4.0,4.166666666666670,3.8333333333333300,3.6666666666666700,0.0137417940799129,0.0963064295485636,0.1205533596837940,0.3008496880371550,0.0
470,4.333333333333330,4.166666666666670,4.166666666666670,4.166666666666670,4.0,3.6666666666666700,0.6730489965212470,0.4534511531922170,0.8677824267782430,6.472846247919260,0.8421052631578950
471,4.5,4.166666666666670,3.6666666666666700,3.6666666666666700,3.5,3.1666666666666700,0.0222264994623455,0.096,0.2462987886944820,0.2112701164418420,0.1538461538461540
472,3.8333333333333300,3.6666666666666700,1.1666666666666700,1.1666666666666700,1.0,1.0,0.0398635712826801,0.0684831056662832,0.2484725050916500,0.0707687628956043,0.0
473,4.0,4.0,1.8333333333333300,1.8333333333333300,1.5,1.6666666666666700,0.0140177324137408,0.0155038759689922,0.0948678071539658,0.0014167754615728,0.0
474,4.5,4.666666666666670,3.5,3.6666666666666700,3.333333333333330,3.333333333333330,0.8761560783209450,0.5813871698007730,0.9375,8.823290495708040,1.0
475,4.833333333333330,5.0,3.0,2.833333333333330,2.5,2.5,0.1561969968460130,0.2821485809121870,0.5555555555555560,2.9683770825295500,0.0
476,4.0,4.0,3.333333333333330,3.333333333333330,3.1666666666666700,2.833333333333330,0.0366155032810739,0.1377110371346860,0.3297297297297300,0.657018507600064,0.1666666666666670
477,4.5,4.333333333333330,3.5,3.1666666666666700,3.0,2.833333333333330,0.0204480073602183,0.09009009009009,0.2819722650231130,0.1568716452855200,0.1428571428571430
478,4.666666666666670,4.333333333333330,1.5,1.5,1.3333333333333300,1.1666666666666700,0.0026749843330874,0.0111265646731571,0.072189349112426,0.0012997582470608,0.0
479,4.833333333333330,4.833333333333330,4.333333333333330,4.166666666666670,4.0,4.0,0.1313454947212080,0.2830410710101610,0.5313588850174220,2.687095988179610,0.4
480,5.0,5.0,1.8333333333333300,1.5,1.3333333333333300,1.3333333333333300,0.0221829551953671,0.0680851063829787,0.2136602451838880,0.3915212186454400,0.0
482,4.833333333333330,4.833333333333330,4.0,4.0,3.5,3.333333333333330,0.7387945788876370,0.5441471191575090,0.9190207156308850,7.436230679961460,0.625
483,5.0,5.0,1.3333333333333300,1.1666666666666700,1.1666666666666700,1.0,0.0249259786744002,0.0711111111111111,0.2392156862745100,0.2676036384910930,0.0
484,4.666666666666670,4.333333333333330,2.0,2.1666666666666700,1.8333333333333300,1.6666666666666700,0.28574404296988,0.3473961178344190,0.8,3.463145342011430,1.0
485,4.666666666666670,4.666666666666670,4.0,3.8333333333333300,3.333333333333330,3.333333333333330,0.1431211453977630,0.3625513001265000,0.725231175693527,3.3084369232052200,0.4285714285714290
486,5.0,4.666666666666670,3.8333333333333300,3.8333333333333300,3.333333333333330,3.6666666666666700,0.013101694097607,0.0266222961730449,0.1523096129837700,0.0032758445144164,0.0
487,4.833333333333330,4.833333333333330,3.8333333333333300,3.6666666666666700,3.333333333333330,3.1666666666666700,0.0830701847441279,0.2854633700234130,0.6240409207161130,1.7356794518414200,0.5
488,4.0,3.5,2.333333333333330,2.333333333333330,1.8333333333333300,1.6666666666666700,0.0758323567341339,0.1688369528379360,0.5555555555555560,0.7859460242120670,0.0
489,4.0,4.166666666666670,2.5,2.5,1.8333333333333300,2.0,0.0188503190227473,0.0810590941613643,0.1157495256166980,0.1312056438910570,0.0
490,4.666666666666670,4.666666666666670,2.6666666666666700,2.333333333333330,2.1666666666666700,2.0,0.0329964194698357,0.0981616965788057,0.346590909090909,0.3961488921995220,0.1428571428571430
491,4.833333333333330,4.833333333333330,4.333333333333330,4.333333333333330,3.8333333333333300,3.8333333333333300,0.0298474589600982,0.2787456445993030,0.4255813953488370,1.0049267234964900,0.0
492,4.166666666666670,4.0,2.6666666666666700,2.6666666666666700,2.1666666666666700,2.0,0.342347495586902,0.2672277829495530,0.6747787610619470,3.136750217351090,0.25
493,4.5,4.5,3.6666666666666700,3.6666666666666700,3.5,3.333333333333330,0.8230724650381230,0.540825274233277,0.9041501976284580,8.383023906707580,0.9
494,4.5,4.833333333333330,3.333333333333330,3.5,2.833333333333330,2.833333333333330,0.0226136173796121,0.0665557404326123,0.0928462709284627,0.3777855925626050,0.0
495,4.666666666666670,4.5,2.833333333333330,3.333333333333330,2.6666666666666700,2.5,0.0211053406318726,0.0177383592017738,0.1062717770034840,0.0019484366952122,0.0
496,4.666666666666670,4.5,3.6666666666666700,3.6666666666666700,3.0,3.0,0.8931539818068690,0.5468545221144580,0.9090909090909090,8.761389767263240,1.0
497,4.5,3.8333333333333300,4.0,4.166666666666670,3.8333333333333300,3.5,0.2492597867440030,0.2327959774026100,0.558169934640523,2.263056368029420,0.6
498,5.0,5.0,1.8333333333333300,1.6666666666666700,1.5,1.3333333333333300,0.0249259786744002,0.0711111111111111,0.2392156862745100,0.2676036384910930,0.0
499,4.833333333333330,4.833333333333330,4.333333333333330,4.333333333333330,3.6666666666666700,3.5,0.720113170857006,0.5381622938053390,0.914085914085914,7.134570286107140,0.8235294117647060
501,4.0,4.0,3.2,3.0,2.4,2.2,0.0417991745584234,0.114870459804968,0.2515463917525770,0.6802532399550930,0.3076923076923080
502,5.0,5.0,4.2,4.2,3.4,2.2,0.28574404296988,0.367438201555635,0.8,4.040793171290510,0.8000000000000000
503,5.0,5.0,3.6,4.4,4.0,3.8,0.7417594418397250,0.5133629657290850,0.9095992544268410,7.446413425780550,0.625
504,4.2,3.8,2.8,3.0,2.6,3.0,0.2930113327533700,0.2863276916179640,0.6166407465007780,0.6779823246224500,0.4444444444444440
505,4.6,4.6,5.0,4.4,4.8,4.8,0.5333505353503040,0.4846752133820430,0.8571428571428570,5.1107009570155000,0.8333333333333330
506,4.8,4.8,4.4,3.6,4.2,4.0,0.4921083571487070,0.5002263976252380,0.752371916508539,2.533572470367380,0.5714285714285710
507,5.0,5.0,4.2,4.6,4.2,3.8,0.2737591267534730,0.4062840465791610,0.8944281524926690,4.24447421823407,0.5
508,4.0,3.2,3.0,2.6,3.2,2.8,0.708587641194393,0.4682523957716600,0.8823529411764710,6.973876345716040,0.5333333333333330
509,4.8,4.8,4.6,4.6,4.2,4.2,0.4900941039306950,0.4217548395826130,0.7422566371681420,5.197135719469740,0.3750000000000000
510,5.0,4.8,4.2,4.0,3.8,3.6,0.28574404296988,0.367438201555635,0.8,3.888840487096960,0.75
511,4.0,4.0,4.2,3.8,4.0,3.8,0.8492326635760690,0.5534107588093060,0.9473684210526320,8.34748830939436,0.75
512,4.6,4.2,4.0,3.0,4.0,3.8,0.3461631665891900,0.4158122221407040,0.6208651399491090,0.4735577144989350,0.3636363636363640
513,5.0,5.0,4.4,4.6,4.4,4.4,0.0957846440861982,0.2074481078373220,0.3333333333333330,2.17134741027006,0.4444444444444450
514,5.0,5.0,3.6,3.2,2.6,2.4,0.0575230042952242,0.1890033763161770,0.5446428571428570,1.0982340046237000,0.0
515,5.0,4.8,3.4,3.2,2.8,2.8,0.0452937617079388,0.1763538621210940,0.4382183908045980,1.0886307133646100,0.1818181818181820
516,4.4,4.2,4.4,4.4,4.4,4.2,0.8371170098777920,0.5356954952093840,0.9375,8.309350866265980,0.8333333333333330
517,4.4,3.8,3.4,4.0,3.2,3.2,0.1573579057250070,0.2916298698734520,0.7625000000000000,1.899245603800760,0.5714285714285720
518,4.6,3.8,1.4,2.0,1.2,1.2,0.033031643180138,0.024390243902439,0.1428571428571430,0.0021019434908145,0.0
519,5.0,4.8,4.4,4.2,4.2,4.2,0.7048050905062190,0.4637198559787720,0.8829915560916770,6.80765964211626,0.4705882352941180
520,4.8,4.6,3.6,3.0,3.2,3.2,0.0305876034645802,0.1727791216726940,0.4072096128170890,0.3098792909836890,0.2222222222222220
521,4.6,4.4,2.2,2.0,2.2,2.0,0.0211053406318726,0.0330578512396694,0.1548223350253810,0.0018529587185839,0.0
522,4.0,4.0,1.8,1.8,1.6,1.4,0.0084483534474471,0.0389705611885895,0.2432701894317050,0.0037168906284561,0.0
523,5.0,4.2,3.4,3.2,3.2,2.8,0.6606328636027610,0.4591873937236890,0.8888888888888890,6.320657629822530,0.6666666666666670
524,5.0,5.0,4.0,4.2,3.8,4.0,0.0370210018346825,0.159462867212387,0.3550640279394650,0.380463286615158,0.3750000000000000
525,5.0,5.0,3.8,3.4,2.4,2.4,0.3655552228545120,0.3614491656814110,0.625,4.31071466827054,0.4
526,5.0,5.0,3.4,3.8,3.2,2.8,0.0092458905795191,0.0769830949284785,0.1819085487077530,0.0473287364486329,0.0
527,4.8,4.6,4.6,4.0,4.0,3.8,0.0474060425987813,0.196508778797987,0.3250444049733570,1.1432069217020300,0.1538461538461540
528,5.0,5.0,4.8,4.4,4.2,4.4,0.6729864884660300,0.5245474482228590,0.9021615472127420,7.3147186403952100,0.4
529,4.8,4.6,4.2,4.6,3.8,3.8,0.1996019880774730,0.3655904726052420,0.7134502923976610,3.8360902473893300,0.5714285714285710
530,5.0,5.0,4.2,4.4,3.8,3.8,0.0603072536040776,0.1912709528925260,0.5115303983228510,1.0733767722734800,0.2857142857142860
531,4.8,4.8,4.4,4.4,4.4,4.6,0.8091067115702210,0.4782266001363960,0.8571428571428570,7.773153735338390,0.75
532,5.0,4.6,3.2,3.0,2.6,2.4,0.0161886135657282,0.0727272727272727,0.1466346153846150,0.1876510566054700,0.0
533,5.0,4.8,3.2,3.0,2.2,1.6,0.7598356856515930,0.3955925412553680,0.8333333333333330,6.786588489395060,0.4
534,4.4,4.2,4.4,4.4,4.0,3.8,0.1728603923209710,0.2722406311672510,0.4048672566371680,2.6881608520222400,0.5
535,5.0,5.0,1.4,1.8,1.4,1.0,0.057367534172156,0.0722482889128242,0.349236641221374,0.1136352419584020,0.0
536,4.2,3.8,1.6,2.2,2.0,1.8,0.021099385422893,0.0334029227557411,0.2234432234432230,0.0368997241508642,0.0
537,5.0,4.8,3.2,3.4,3.0,2.4,0.0651821033328897,0.1608258491041430,0.465648854961832,0.6329589800964040,0.2222222222222220
538,4.8,4.8,4.4,4.2,4.0,3.6,0.4832697830906220,0.4712290529237460,0.7820512820512820,5.348642063754050,0.5
539,4.8,4.0,4.2,3.6,3.4,3.6,0.8787419089273850,0.5929940071600870,0.9565217391304350,8.694244669943950,1.0
540,5.0,5.0,2.6,2.4,2.4,2.0,0.1165177827575930,0.2558776605888640,0.5176803394625180,1.3653103749066200,0.2
541,5.0,5.0,4.4,4.6,4.6,4.2,0.7348889200874660,0.5016752649857650,0.9166666666666660,6.968544503577430,0.8571428571428570
542,4.0,3.4,3.4,3.4,3.2,3.2,0.0239802967618271,0.069164265129683,0.1383219954648530,0.4466144541971400,0.2
543,4.6,4.2,3.8,3.6,3.6,3.0,0.5253819788848320,0.3965709309431860,0.8,5.284029335326010,0.25
544,5.0,4.8,4.6,3.6,4.4,4.4,0.2289415686066990,0.4393253865531600,0.5258620689655170,0.8413655269458090,0.5
545,4.2,4.0,4.0,4.2,4.0,4.0,0.5408804419255530,0.3590354107304560,0.7155425219941350,5.603059255319290,0.6250000000000000
546,4.8,4.4,3.4,3.8,3.2,3.0,0.4295136946366520,0.4599944014455230,0.7879440258342300,4.583407669888770,0.7692307692307690
547,5.0,5.0,4.0,4.2,3.8,3.8,0.0204480073602183,0.0858369098712446,0.2819722650231130,0.3870471115777050,0.0
548,4.4,4.2,3.8,3.8,3.8,3.4,0.5923033072023250,0.4225976300109670,0.8461538461538460,5.98351554940706,0.875
549,4.6,5.0,4.2,4.4,3.8,4.2,0.5676721706387810,0.4319089346905990,0.8097345132743360,5.915504216419230,0.7692307692307690
550,4.166666666666670,4.166666666666670,4.5,3.6666666666666700,4.0,4.0,0.6773709971213140,0.4395262177331200,0.8571428571428570,6.555960073799070,0.4285714285714290
551,3.5,2.6666666666666700,3.1666666666666700,2.6666666666666700,3.1666666666666700,2.833333333333330,0.024769802565621,0.2329365666719460,0.4093959731543620,0.2615962759019080,0.1111111111111110
552,4.666666666666670,4.666666666666670,4.333333333333330,4.333333333333330,4.166666666666670,4.166666666666670,0.8702397637697910,0.5507729991994050,0.8823529411764710,8.46348141667498,0.7826086956521740
553,4.166666666666670,3.8333333333333300,2.833333333333330,2.6666666666666700,2.833333333333330,2.6666666666666700,0.0250986212439789,0.0394088669950738,0.2267657992565060,0.0245565425935426,0.0
554,4.666666666666670,4.333333333333330,3.1666666666666700,1.8333333333333300,2.333333333333330,2.333333333333330,0.0359214342034289,0.2504245448219830,0.3452830188679240,0.447307661927439,0.25
555,3.8333333333333300,3.6666666666666700,2.333333333333330,2.6666666666666700,2.5,2.0,0.0157188773630212,0.0949554896142433,0.1032148900169200,0.1081390921641650,0.0
556,5.0,5.0,4.166666666666670,4.166666666666670,4.0,4.0,0.0384981500776354,0.1298701298701300,0.4178082191780820,0.6424641966937800,0.0
557,5.0,4.5,4.0,3.6666666666666700,3.6666666666666700,3.6666666666666700,0.6606328636027610,0.4741608956929400,0.8888888888888890,6.47583298582484,0.8000000000000000
558,5.0,4.833333333333330,1.8333333333333300,1.8333333333333300,1.8333333333333300,1.6666666666666700,0.0184768604205221,0.0278745644599303,0.0769230769230769,0.0276704628108047,0.0
559,3.6666666666666700,3.6666666666666700,1.3333333333333300,1.3333333333333300,1.1666666666666700,1.1666666666666700,0.3303164318013810,0.2880420072496440,0.5555555555555560,3.5953433340482500,0.5454545454545450
560,4.166666666666670,4.0,2.5,2.0,2.1666666666666700,2.0,0.0346657712709552,0.169761273209549,0.465648854961832,0.5913350896102820,0.0
561,4.666666666666670,4.0,1.1666666666666700,1.1666666666666700,1.0,1.0,0.0277761903401179,0.0229226361031518,0.1349557522123890,0.1165740756299840,0.0
562,4.666666666666670,4.166666666666670,2.833333333333330,2.833333333333330,2.333333333333330,2.333333333333330,0.6606328636027610,0.4384201246608080,0.8888888888888890,6.2105261359791900,0.8000000000000000
563,4.666666666666670,4.0,3.333333333333330,3.5,3.0,3.0,0.0136791921231218,0.0359550561797752,0.1554140127388540,0.0043178247575746,0.0
564,4.833333333333330,4.5,3.5,3.333333333333330,3.5,3.5,0.0485491771707323,0.2275821100753960,0.4149659863945580,0.6018196325325590,0.0
565,4.333333333333330,3.6666666666666700,3.8333333333333300,3.0,3.5,3.5,0.5610310064032590,0.412648130846288,0.8421052631578950,5.404014227603450,0.3529411764705880
566,4.833333333333330,4.5,2.833333333333330,2.333333333333330,3.0,3.0,0.8633400213704510,0.5087558962257950,0.8888888888888890,8.47502199450232,0.5
567,3.8333333333333300,3.1666666666666700,4.0,3.6666666666666700,4.0,3.8333333333333300,0.6315552371794040,0.4833664287090570,0.8645669291338580,6.594583369546240,0.6666666666666670
568,4.5,4.0,1.3333333333333300,1.1666666666666700,1.1666666666666700,1.1666666666666700,0.0052519350818344,0.0561009817671809,0.2367399741267790,0.0370323468157132,0.0
569,4.833333333333330,3.8333333333333300,4.0,3.333333333333330,3.6666666666666700,3.5,0.5731224484094260,0.4362280240375050,0.8571428571428570,5.462386547896180,0.375
570,4.0,3.5,3.333333333333330,2.833333333333330,2.333333333333330,2.333333333333330,0.5946035575013610,0.4330443609938040,0.875,5.329857266557080,0.6666666666666670
571,4.5,4.166666666666670,2.6666666666666700,2.6666666666666700,2.333333333333330,2.333333333333330,0.0698534205658009,0.2244906113776360,0.5398230088495580,1.1946133830608000,0.0
572,5.0,4.5,2.6666666666666700,2.5,1.8333333333333300,1.8333333333333300,0.8091067115702210,0.464562982989642,0.8571428571428570,7.9675427213371500,1.0
573,5.0,4.666666666666670,3.0,3.0,3.0,2.6666666666666700,0.0081606531608028,0.0259319286871961,0.1482381530984200,0.0009058765138175,0.25
574,5.0,4.833333333333330,1.6666666666666700,1.5,1.3333333333333300,1.5,0.0245124019407542,0.0732863043102746,0.116412213740458,0.0032252862364678,0.2
575,5.0,5.0,4.833333333333330,4.833333333333330,4.833333333333330,4.833333333333330,0.8091067115702210,0.4466951759515790,0.8571428571428570,7.641324649742590,1.0
576,4.833333333333330,4.333333333333330,3.1666666666666700,2.6666666666666700,2.6666666666666700,2.833333333333330,0.0410959912335015,0.1776424304098780,0.3034825870646770,0.7763547398689630,0.2857142857142860
577,4.166666666666670,3.8333333333333300,2.833333333333330,2.5,2.333333333333330,2.333333333333330,0.2732905228089390,0.2745293351648180,0.6140939597315440,3.053637275308620,0.3636363636363640
578,4.5,3.5,4.166666666666670,3.6666666666666700,4.166666666666670,3.6666666666666700,0.7071067811865480,0.4612033391830960,0.9,6.701950013539950,0.75
579,4.333333333333330,4.0,3.1666666666666700,3.1666666666666700,3.0,2.833333333333330,0.0446778805361507,0.0977538847069941,0.3070469798657720,0.3291082873417590,0.2222222222222220
580,5.0,4.833333333333330,2.1666666666666700,1.8333333333333300,2.0,2.0,0.0410959912335015,0.0966767371601208,0.3034825870646770,0.5638823772422400,0.0
581,4.833333333333330,4.5,1.1666666666666700,1.1666666666666700,1.1666666666666700,1.1666666666666700,0.0287095643160819,0.0754716981132075,0.2717149220489980,0.1199614919265930,0.2222222222222220
582,4.333333333333330,4.0,3.5,3.0,3.0,2.5,0.0277761903401179,0.0279720279720279,0.1466346153846150,0.0278459481652547,0.0
583,4.666666666666670,4.5,2.333333333333330,2.5,1.6666666666666700,1.8333333333333300,0.0285175395290415,0.1092733712645520,0.2557651991614260,0.507730767545856,0.2857142857142860
584,3.1666666666666700,2.5,1.5,2.0,1.5,1.6666666666666700,0.0144456186007237,0.0673886883273164,0.1531380753138080,0.1224389076667630,0.0
585,4.833333333333330,4.833333333333330,4.333333333333330,3.8333333333333300,4.166666666666670,4.0,0.4240125351805040,0.5193190762351240,0.8299319727891160,4.971757295471480,0.7500000000000000
586,5.0,4.333333333333330,4.166666666666670,4.0,4.333333333333330,4.0,0.7691605673134590,0.5160088439853580,0.9166666666666660,7.763352133573660,0.9
587,4.5,4.0,3.1666666666666700,2.833333333333330,2.6666666666666700,3.0,0.7611606003349890,0.5161810922107130,0.9230769230769230,7.163444051540530,0.625
588,5.0,4.666666666666670,2.6666666666666700,2.333333333333330,2.333333333333330,2.1666666666666700,0.0065043161933481,0.0284230990986021,0.1276150627615060,0.0155103403214113,0.0
589,4.333333333333330,4.166666666666670,3.5,3.1666666666666700,3.1666666666666700,3.0,0.4111336169005200,0.4026058741311550,0.8097345132743360,4.142805323796760,0.5714285714285720
590,4.666666666666670,4.0,4.333333333333330,3.5,4.333333333333330,4.166666666666670,0.8070557274927980,0.4800350748824100,0.9090909090909090,7.89799457624577,0.8888888888888890
591,2.333333333333330,2.1666666666666700,1.0,1.0,1.0,1.0,0.0,0.0,0.0,0.0,0.0
592,4.833333333333330,4.333333333333330,4.333333333333330,4.333333333333330,4.5,4.333333333333330,0.8153551038173120,0.5461515837522410,0.9375,8.181077695313570,0.8571428571428570
594,4.333333333333330,3.6666666666666700,3.0,2.6666666666666700,2.6666666666666700,2.6666666666666700,0.0350659410412392,0.0943952802359882,0.2953995157384990,0.6246870801861910,0.0
595,4.5,4.0,4.166666666666670,3.5,3.8333333333333300,3.8333333333333300,0.4950242566833490,0.4098768906082700,0.5743879472693030,4.861622772218160,0.5
596,4.333333333333330,4.333333333333330,1.1666666666666700,1.1666666666666700,1.1666666666666700,1.1666666666666700,0.0,0.0,0.0,0.0,0.0
597,4.166666666666670,4.0,2.833333333333330,2.833333333333330,2.6666666666666700,2.6666666666666700,0.23462350320528,0.2604346412164210,0.433392539964476,2.435536367733880,0.6
598,5.0,4.833333333333330,3.6666666666666700,3.5,3.333333333333330,3.333333333333330,0.0915397843152513,0.2327185334636440,0.3451202263083450,1.3041492244373600,0.0
599,4.833333333333330,4.833333333333330,2.333333333333330,2.5,2.0,2.1666666666666700,0.0119649839923805,0.0269714453313787,0.0716803760282021,0.0009575727993808,0.0